wolf_ID,capture_date,collar_recovery_death,end_date,Month,Day,Year,last_contact,days_to_inact,days_to_death,days_to_fate,fate,fate_num,Anthro_Natural,min_days_inact_death,collar_status,dissap_event,cause_death,poached,unknown,legal,nonhuman,collision,poa_type,known_fate,death_event,FU_poached,FU_Unk_poa,hunt_season,sex,breeder_disp,age_at_death_year,age_at_death_days,age_at_dissap,age_at_collar,collar expected to quit,wolf_year,Comments
10140,14-Sep-87,15-Jun-88,15-Jun-88,11,12,1986,,,275,275,collision,6,1,,,0,collision,0,0,0,0,1,,1,1,,,1,M,,8.139726027,2971,,,,1987-88,
10184,1-Oct-87,29-May-88,29-May-88,5,29,1988,,,241,241,collision,6,1,,,0,collision,0,0,0,0,1,,1,1,,,0,M,,7.082191781,2585,,,,1987-88,
10196,1-Oct-87,23-Jun-88,23-Jun-88,6,23,1988,,,266,266,nonhuman,4,0,,,0,nonhuman,0,0,0,1,0,,1,1,,,0,F,,7.150684932,2610,,,,1987-88,
10205,1-Oct-87,3-Nov-91,3-Nov-91,12,19,1991,,,,1494,agency_removal,7,,,,0,,0,0,0,0,0,,1,0,,,1,F,,,,,,,1991-92,PUT IN SKY KENNEL AND PLACED IN CAPTIVITY TO BE SHIPPED TO GRAHAM 12/19/91
10208,3-Jul-89,31-Jul-89,31-Jul-89,7,31,1989,,,28,28,collision,6,1,,,0,collision,0,0,0,0,1,,1,1,,,0,M,,7.260273973,2650,,,,1988-89,
10211,1-Oct-87,27-Dec-88,27-Dec-88,12,27,1988,,,453,453,nonhuman,4,0,,,0,nonhuman,0,0,0,1,0,,1,1,,,1,M,,6.668493151,2434,,,,1988-89,
10227,1-Oct-87,4-Sep-89,4-Sep-89,9,4,1989,,,704,704,nonhuman,4,0,,,0,nonhuman,0,0,0,1,0,,1,1,,,0,M,,6.37260274,2326,,,,1988-89,
10231,14-Sep-87,16-Dec-87,16-Dec-87,12,16,1987,,,93,93,nonhuman,4,0,,,0,nonhuman,0,0,0,1,0,,1,1,,,1,F,,4.610958904,1683,,,,1987-88,
10300,12-Apr-88,12-Aug-94,12-Aug-94,8,12,1994,,,2313,2313,nonhuman,4,0,,,0,nonhuman,0,0,0,1,0,,1,1,,,0,F,,8.273972603,3020,,,,1993-94,
10304,17-Sep-90,19-Nov-90,19-Nov-90,11,23,1991,,,,63,agency_removal,7,,,,0,,0,0,0,0,0,,1,0,,,1,F,,,,,,,1990-91,"CAPTURED IN 4-COIL #3 SOFT-CATCH, MOVED TO SR AND PLACED WITH 280 FOR 91 BREEDING SEASON. DID NOT PRODUCE PUPS AND SHIPPED TO NORTH CAROLINA ZOOLOGICAL GARDEN 11/23/91"
10313,22-Aug-89,18-Sep-91,18-Sep-91,2,8,1994,,,,757,agency_removal,7,,,,0,,0,0,0,0,0,,1,0,,,1,F,,,,,,,1990-91,PLACED IN PEN BECAUSE OF WANDERING HABITS ALONG RT. 1. 328M (HER MATE) WAS HIT BY VEHICLE AND CONSEQUENTLY HAD TO HAVE RT FRONT LEG REMOVED. 328 IS NOW AT GRAHAM AS A BREEDER. 313 STILL IN CAPTIVITY AS OF 4/3/92
10316,4-Sep-89,,20-Dec-89,12,20,1989,20-Dec-89,107,,107,fu,1,,,inactive,1,,0,0,0,0,0,,0,,1,1,1,F,1,,,969,,,1989-90,
10319,4-Sep-89,1-Apr-94,1-Apr-94,4,1,1994,,,1670,1670,nonhuman,4,0,,,0,nonhuman,0,0,0,1,0,,1,1,,,0,M,,6.936986301,2532,,,,1993-94,
10322,14-Apr-88,2-Jul-88,2-Jul-88,11,20,1990,,,,79,agency_removal,7,,,,0,,0,0,0,0,0,,1,0,,,0,F,,,,,,,1987-88,RETURNED TO CAPTIVITY BECAUSE OF HABIT OF FREQUENTING E. LAKE.
10327,17-Sep-90,4-Oct-90,4-Oct-90,10,4,1990,,,17,17,nonhuman,4,0,,,0,nonhuman,0,0,0,1,0,,1,1,,,1,M,,3.4,1241,,,,1990-91,
10328,22-Aug-89,1-Jul-91,1-Jul-91,12,19,1991,,,,678,agency_removal,7,,,,0,,0,0,0,0,0,,1,0,,,0,M,,,,,,,1990-91,"328 HIT BY VEHICLE BUT NOT KILLED, RETURNED TO CAPTIVITY AS A BREEDER BECAUSE OF INJURIES SUSTAINED DUE TO COLLISION. STILL IN CAPTIVITY AS OF 4/3/92"
10331,25-Jan-89,3-Oct-01,3-Oct-01,10,3,2001,,,4634,4634,nonhuman,4,0,,,0,nonhuman,0,0,0,1,0,,1,1,,,1,M,,13.46027397,4913,,,,2001-02,
10332,25-Jan-89,21-Nov-89,21-Nov-89,11,21,1989,,,300,300,collision,6,1,,,0,collision,0,0,0,0,1,,1,1,,,1,M,,1.58630137,579,,,,1989-90,
10344,16-Apr-89,,21-Nov-95,11,21,1995,21-Nov-95,2410,,2410,fu,1,,,inactive,1,,0,0,0,0,0,,0,,1,1,1,F,2,,,2912,,,1995-96,
10351,10-Nov-88,24-Jan-91,24-Jan-91,1,24,1991,,,805,805,nonhuman,4,0,,,0,nonhuman,0,0,0,1,0,,1,1,,,1,F,,2.742465753,1001,,,,1990-91,
10352,13-Aug-91,15-Sep-91,15-Sep-91,9,15,1991,,,33,33,collision,6,1,,,0,collision,0,0,0,0,1,,1,1,,,1,M,,2.419178082,883,,,,1990-91,
10358,15-Dec-93,12-Oct-94,12-Oct-94,10,12,1994,,,301,301,nonhuman,4,0,,,0,nonhuman,0,0,0,1,0,,1,1,,,1,M,,5.457534247,1992,,,,1994-95,
10372,3-Aug-92,1-May-94,1-May-94,5,1,1994,,,636,636,legal,5,1,,,0,legal,0,0,1,0,0,,1,1,,,0,M,,4.912328767,1793,,,,1993-94,
10375,5-Jan-94,9-Nov-94,9-Nov-94,11,9,1994,,,308,308,poached,2,1,,,0,poached,1,0,0,0,0,gunshot,1,1,2,2,1,M,,5.515068493,2013,,,,1994-95,
10377,15-Dec-93,1-Jan-94,1-Jan-94,1,1,1994,,,17,17,collision,6,1,,,0,collision,0,0,0,0,1,,1,1,,,1,F,,4.660273973,1701,,,,1993-94,
10379,5-Jan-94,5-Nov-95,5-Nov-95,11,5,1995,,,669,669,poached,2,1,,,0,poached,1,0,0,0,0,gunshot,1,1,2,2,1,F,,6.482191781,2366,,,,1995-96,
10382,3-Aug-92,,19-Feb-98,2,19,1998,19-Feb-98,2026,,2026,fu,1,,,inactive,1,,0,0,0,0,0,,0,,1,1,0,F,2,,,3203,,,1997-98,
10383,15-Sep-93,29-May-94,29-May-94,5,29,1994,,,256,256,collision,6,1,,,0,collision,0,0,0,0,1,,1,1,,,0,F,,5.043835616,1841,,,,1993-94,
10392,1-Aug-89,5-May-97,5-May-97,5,5,1997,,,2834,2834,legal,5,1,,,0,legal,0,0,1,0,0,,1,1,,,0,M,,8.02739726,2930,,,,1996-97,
10393,1-Aug-89,24-Jan-90,24-Jan-90,1,24,1990,,,176,176,collision,6,1,,,0,collision,0,0,0,0,1,,1,1,,,1,F,,0.745205479,272,,,,1989-90,
10394,1-Aug-89,23-Mar-97,23-Mar-97,3,23,1997,,,2791,2791,nonhuman,4,0,,,0,nonhuman,0,0,0,1,0,,1,1,,,0,F,,7.909589041,2887,,,,1996-97,
10397,17-Sep-90,12-Oct-90,12-Oct-90,10,12,1990,,,25,25,nonhuman,4,0,,,0,nonhuman,0,0,0,1,0,,1,1,,,1,M,,0.509589041,186,,,,1990-91,
10398,17-Sep-90,14-Oct-90,14-Oct-90,10,14,1990,,,27,27,nonhuman,4,0,,,0,nonhuman,0,0,0,1,0,,1,1,,,1,F,,0.515068493,188,,,,1990-91,
10399,17-Sep-90,,12-Oct-90,10,12,1990,12-Oct-90,25,,25,fu,1,,,inactive,1,,0,0,0,0,0,,0,,1,1,1,F,0,,,186,,,1989-90,
10408,23-Aug-93,26-Aug-94,26-Aug-94,8,26,1994,,,368,368,unknown,3,,,,0,unknown,0,1,0,0,0,,0,1,,1,0,F,,4.380821918,1599,,,,1993-94,
10426,3-Oct-90,15-Jul-91,15-Jul-91,7,15,1991,,,285,285,collision,6,1,,,0,collision,0,0,0,0,1,,1,1,,,0,M,,1.202739726,439,,,,1990-91,
10430,3-Oct-90,18-May-92,18-May-92,5,18,1992,,,593,593,unknown,3,,,,0,unknown,0,1,0,0,0,,0,1,,1,0,F,,2.046575342,747,,,,1991-92,
10437,3-Feb-94,8-Mar-94,8-Mar-94,2,17,1995,,,,33,agency_removal,7,,,,0,,0,0,0,0,0,,1,0,,,0,F,,,,,,,1993-94,RETURNED TO CAPTIVITY SHORTLY AFTER 2ND RELEASE FOR BACKYARD VISITATION AND PET HARASSMENT
10442,11-Sep-90,,7-Dec-98,12,7,1998,7-Dec-98,3009,,3009,fu,1,,,inactive,1,,0,0,0,0,0,,0,,1,1,1,M,1,,,3142,,,1998-99,
10443,2-Oct-90,3-Jul-95,3-Jul-95,7,3,1995,,,1735,1735,unknown,3,,,,0,unknown,0,1,0,0,0,,0,1,,1,0,F,,5.175342466,1889,,,,1994-95,
10444,7-Feb-91,3-Feb-97,3-Feb-97,2,3,1997,,,2188,2188,collision,6,1,,,0,collision,0,0,0,0,1,,1,1,,,0,F,,6.767123288,2470,,,,1996-97,
10445,15-Sep-93,23-Oct-93,23-Oct-93,10,23,1993,,,38,38,collision,6,1,,,0,collision,0,0,0,0,1,,1,1,,,1,M,,2.501369863,913,,,,1993-94,
10464,23-Aug-93,22-Apr-95,22-Apr-95,4,22,1995,,,607,607,poached,2,1,,,0,poached,1,0,0,0,0,gunshot,1,1,2,2,0,M,,3.991780822,1457,,,,1994-95,
10465,2-Feb-94,15-Feb-94,15-Feb-94,2,15,1994,,,13,13,collision,6,1,,,0,collision,0,0,0,0,1,,1,1,,,0,M,,2.810958904,1026,,,,1993-94,
10496,18-Sep-91,6-Apr-95,6-Apr-95,4,6,1995,,,,1296,agency_removal,7,,,,0,,0,0,0,0,0,,1,0,,,0,F,,,,,,,1994-95,DARTED NEAR DEN; WHELPED LAST FEW DAYS - PUPS PICKED UP AND PLACED IN PEN W/496; 504 AND 699 WILL ALSO BE PUT IN SAME PEN TILL THEY ARE SHIPPED TO GSMNP
10497,1-Oct-91,22-Dec-94,22-Dec-94,12,22,1994,,,1178,1178,poached,2,1,,,0,poached,1,0,0,0,0,gunshot,1,1,2,2,1,M,,3.690410959,1347,,,,1994-95,
10498,30-Sep-91,15-Dec-91,15-Dec-91,12,15,1991,,,76,76,collision,6,1,,,0,collision,0,0,0,0,1,,1,1,,,1,F,,0.668493151,244,,,,1991-92,
10500,15-Aug-91,,5-Aug-96,8,5,1996,5-Aug-96,1817,,1817,fu,1,,,inactive,1,,0,0,0,0,0,,0,,1,1,0,F,2,,,1923,,,1995-96,
10501,15-Aug-91,8-Jun-94,8-Jun-94,6,8,1994,,,,1028,agency_removal,7,,,,0,,0,0,0,0,0,,1,0,,,0,M,,,,,,,1993-94,"PALCED BACK IN CAPTIVITY BECAUSE HE MAY BE CONSORTING WITH COYOTE, WILL TRY TO RE-RELEASE HIM DURING DECEMBER 1994 WITH A FEMALE WOLF"
10502,23-Aug-91,21-Mar-98,21-Mar-98,3,21,1998,,,2402,2402,nonhuman,4,0,,,0,nonhuman,0,0,0,1,0,,1,1,,,0,F,,6.893150685,2516,,,,1997-98,
10503,18-Oct-91,21-Nov-98,21-Nov-98,11,21,1998,,,2591,2591,unknown,3,,,,0,unknown,0,1,0,0,0,,0,1,,1,1,F,,7.564383562,2761,,,,1998-99,
10504,18-Oct-91,3-Apr-95,3-Apr-95,4,3,1995,,,,1263,agency_removal,7,,,,0,,0,0,0,0,0,,1,0,,,0,M,,,,,,,1994-95,WOLF W/COLLAR 4.730 CAPTURED (504M); PLACED IN PEN AT SR PENDING 496 CAPTURE; BOTH TO BE SHIPPED TO GSMNP
10505,31-Oct-91,,5-Oct-01,10,5,2001,5-Oct-01,3627,,3627,fu,1,,,inactive,1,,0,0,0,0,0,,0,,1,1,1,F,2,,,3813,,,2001-02,
10506,14-Nov-91,,21-Jul-95,7,21,1995,21-Jul-95,1345,,1345,fu,1,,,inactive,1,,0,0,0,0,0,,0,,1,1,0,M,2,,,1545,,,1994-95,
10507,17-Nov-91,29-Jul-95,29-Jul-95,7,29,1995,,,1350,1350,nonhuman,4,0,,,0,nonhuman,0,0,0,1,0,,1,1,,,0,M,,4.254794521,1553,,,,1994-95,
10508,2-Aug-92,9-Feb-04,9-Feb-04,2,9,2004,,,4208,4208,nonhuman,4,0,,,0,nonhuman,0,0,0,1,0,,1,1,,,0,F,,12.79452055,4670,,,,2003-04,
10518,3-Aug-92,17-Oct-93,17-Oct-93,10,17,1993,,,440,440,unknown,3,,,,0,unknown,0,1,0,0,0,,0,1,,1,1,M,,1.509589041,551,,,,1993-94,
10519,3-Aug-92,22-Jun-96,22-Jun-96,6,22,1996,,,1419,1419,unknown,3,,,,0,unknown,0,1,0,0,0,,0,1,,1,0,M,,4.191780822,1530,,,,1995-96,
10523,3-Aug-92,8-Jan-94,8-Jan-94,11,29,1994,,,,523,agency_removal,7,,,,0,,0,0,0,0,0,,1,0,,,1,F,,,,,,,1993-94,CAPTURED BECAUSE RECEIVING COMPLAINTS ABOUT WOLF. TAKEN TO SR FOR PROCESSING ON 1/10/94
10580,13-Oct-92,1-Mar-93,1-Mar-93,3,1,1993,,,139,139,nonhuman,4,0,,,0,nonhuman,0,0,0,1,0,,1,1,,,0,F,,0.832876712,304,,,,1992-93,
10581,16-Nov-92,29-Mar-93,29-Mar-93,3,29,1993,,,133,133,nonhuman,4,0,,,0,nonhuman,0,0,0,1,0,,1,1,,,0,M,,0.909589041,332,,,,1992-93,
10582,5-Apr-93,20-May-00,20-May-00,5,20,2000,,,2602,2602,unknown,3,,,,0,unknown,0,1,0,0,0,,0,1,,1,0,F,,8.057534247,2941,,,,1999-00,
10583,18-Nov-92,,22-Mar-95,3,22,1995,22-Mar-95,854,,854,fu,1,,,inactive,1,,0,0,0,0,0,,0,,1,1,0,M,1,,,1058,,,1994-95,
10586,23-Aug-93,3-Aug-94,3-Aug-94,8,3,1994,,,345,345,unknown,3,,,,0,unknown,0,1,0,0,0,,0,1,,1,0,M,,1.293150685,472,,,,1993-94,
10587,23-Aug-93,,18-Sep-93,9,18,1993,18-Sep-93,26,,26,fu,1,,,inactive,1,,0,0,0,0,0,,0,,1,1,1,F,0,,,153,,,1992-93,
10588,23-Aug-93,17-Jun-94,17-Jun-94,6,17,1994,,,298,298,unknown,3,,,,0,unknown,0,1,0,0,0,,0,1,,1,0,F,,1.164383562,425,,,,1993-94,
10589,23-Aug-93,22-Jun-94,22-Jun-94,6,22,1994,,,303,303,unknown,3,,,,0,unknown,0,1,0,0,0,,0,1,,1,0,F,,1.178082192,430,,,,1993-94,
10590,23-Aug-93,13-Dec-93,13-Dec-93,12,13,1993,,,112,112,nonhuman,4,0,,,0,nonhuman,0,0,0,1,0,,1,1,,,1,F,,0.654794521,239,,,,1993-94,
10591,23-Aug-93,16-Aug-94,16-Aug-94,8,16,1994,,,358,358,nonhuman,4,0,,,0,nonhuman,0,0,0,1,0,,1,1,,,0,F,,1.328767123,485,,,,1993-94,
10593,6-Apr-95,,24-May-99,5,24,1999,24-May-99,1509,,1509,fu,1,,,inactive,1,,0,0,0,0,0,,0,,1,1,0,F,2,,,2227,,,1998-99,
10632,15-Sep-93,27-Feb-94,27-Feb-94,12,5,2001,,,,165,agency_removal,7,,,,0,,0,0,0,0,0,,1,0,,,0,M,,,,,,,1993-94,PLACED IN CAPTIVITY BECAUSE BEING A NUISCANCE ALONG FRYING PAN ROAD. [PLACED WITH 448F
10640,3-Apr-96,26-May-96,26-May-96,5,26,1996,,,,53,agency_removal,7,,,,0,,0,0,0,0,0,,1,0,,,0,M,,,,,,,1995-96,CAUGHT IN BEAR SNARE; HELD @ SR FOR OBSERVATION
10660,17-Oct-93,11-Jan-95,11-Jan-95,1,11,1995,,,,451,agency_removal,7,,,,0,,0,0,0,0,0,,1,0,,,1,F,,,,,,,1994-95,PUT IN PEN AT SR W/504-TO BE SHIPPED TO GSMNP
10661,20-Oct-93,17-May-95,17-May-95,5,17,1995,,,574,574,unknown,3,,,,0,unknown,0,1,0,0,0,,0,1,,1,0,M,,2.084931507,761,,,,1994-95,
10662,21-Oct-93,8-Feb-03,8-Feb-03,2,8,2003,,,3397,3397,legal,5,1,,,0,legal,0,0,1,0,0,,1,1,,,0,M,,9.821917808,3585,,,,2002-03,
10663,24-Oct-93,14-Jan-97,14-Jan-97,1,14,1997,,,1178,1178,collision,6,1,,,0,collision,0,0,0,0,1,,1,1,,,1,M,,3.750684932,1369,,,,1996-97,
10664,27-Jan-94,15-Dec-94,15-Dec-94,12,15,1994,,,322,322,poached,2,1,,,0,poached,1,0,0,0,0,poison,1,1,2,2,1,M,,1.624657534,593,,,,1994-95,
10665,28-Jan-94,,21-Oct-97,10,21,1997,21-Oct-97,1362,,1362,fu,1,,,inactive,1,,0,0,0,0,0,,0,,1,1,1,F,2,,,1634,,,1997-98,
10666,31-Jan-94,1-Jan-01,1-Jan-01,1,1,2001,,,2527,2527,unknown,3,,,,0,unknown,0,1,0,0,0,,0,1,,1,1,M,,7.676712329,2802,,,,2000-1,
10668,17-Nov-93,8-Sep-94,8-Sep-94,9,8,1994,,,,295,agency_removal,7,,,,0,,0,0,0,0,0,,1,0,,,0,M,,,,,,,1993-94,668M CAPTURED AND PLACED IN CAPTIVY @ SR ON 09/08/94
10669,17-Nov-93,,23-Nov-93,11,23,1993,23-Nov-93,6,,6,fu,1,,,inactive,1,,0,0,0,0,0,,0,,1,1,1,F,1,,,206,,,1993-94,
10673,14-Jan-94,,8-Feb-02,2,8,2002,8-Feb-02,2947,,2947,fu,1,,,inactive,1,,0,0,0,0,0,,0,,1,1,0,F,2,,,3205,,,2001-02,
10674,20-Feb-94,4-Nov-02,4-Nov-02,11,4,2002,,,3179,3179,nonhuman,4,0,,,0,nonhuman,0,0,0,1,0,,1,1,,,1,M,,9.517808219,3474,,,,2002-03,
10675,28-Feb-94,21-Sep-01,21-Sep-01,9,21,2001,,,2762,2762,unknown,3,,,,0,unknown,0,1,0,0,0,,0,1,,1,1,M,,8.397260274,3065,,,,2000-1,
10698,31-Aug-94,27-Jan-95,27-Jan-95,1,27,1995,,,149,149,poached,2,1,,,0,poached,1,0,0,0,0,trap,1,1,2,2,1,F,,0.8,292,,,,1994-95,
11737,22-Oct-10,9-Feb-15,9-Feb-15,2,9,2015,,,,1571,agency_removal,7,,,,0,,0,0,0,0,0,,1,0,,,0,M,,,,,,,2014-15,CAPTURED BY TIM ROSE? FOR FEREBEE
10745,19-Dec-94,13-May-97,13-May-97,5,13,1997,,,876,876,unknown,3,,,,0,unknown,0,1,0,0,0,,0,1,,1,0,M,,3.106849315,1134,,,,1996-97,
10746,23-Dec-94,17-Jan-04,17-Jan-04,1,17,2004,,,3312,3312,nonhuman,4,0,,,0,nonhuman,0,0,0,1,0,,1,1,,,1,M,,9.791780822,3574,,,,2003-4,
10747,11-Jan-95,,7-Aug-02,8,7,2002,7-Aug-02,2765,,2765,fu,1,,,inactive,1,,0,0,0,0,0,,0,,1,1,0,F,2,,,3046,,,2001-02,
10752,19-Oct-94,21-Aug-99,21-Aug-99,8,21,1999,,,1767,1767,unknown,3,,,,0,unknown,0,1,0,0,0,,0,1,,1,0,M,,5.309589041,1938,,,,1998-99,
10753,19-Oct-94,16-Dec-98,16-Dec-98,12,16,1998,,,1519,1519,nonhuman,4,0,,,0,nonhuman,0,0,0,1,0,,1,1,,,1,M,,4.630136986,1690,,,,1998-99,
10754,25-Oct-94,15-Sep-95,15-Sep-95,9,15,1995,,,325,325,unknown,3,,,,0,unknown,0,1,0,0,0,,0,1,,1,1,M,,1.375342466,502,,,,1994-95,
10755,23-Sep-94,9-Dec-95,9-Dec-95,12,9,1995,,,442,442,poached,2,1,,,0,poached,1,0,0,0,0,gunshot,1,1,2,2,1,M,,1.608219178,587,,,,1995-96,
10756,23-Sep-94,12-Mar-02,12-Mar-02,3,12,2002,,,2727,2727,poached,2,1,,,0,poached,1,0,0,0,0,poison,1,1,2,2,0,F,,7.868493151,2872,,,,2001-02,
10757,23-Sep-94,7-Oct-94,7-Oct-94,10,7,1994,,,14,14,poached,2,1,,,0,poached,1,0,0,0,0,poison,1,1,2,2,1,F,,0.435616438,159,,,,1994-95,
10759,26-Oct-94,20-Nov-95,20-Nov-95,11,20,1995,,,390,390,nonhuman,4,0,,,0,nonhuman,0,0,0,1,0,,1,1,,,1,M,,1.608219178,587,,,,1995-96,
10760,26-Oct-94,24-May-96,24-May-96,5,24,1996,,,576,576,collision,6,1,,,0,collision,0,0,0,0,1,,1,1,,,0,F,,2.117808219,773,,,,1995-96,
10761,26-Oct-94,,14-Dec-95,12,14,1995,14-Dec-95,414,,414,fu,1,,,inactive,1,,0,0,0,0,0,,0,,1,1,1,F,1,,,611,,,1995-96,
10763,3-Nov-94,,29-May-97,5,29,1997,29-May-97,938,,938,fu,1,,,inactive,1,,0,0,0,0,0,,0,,1,1,0,F,0,,,1128,,,1996-97,
10764,8-Nov-94,16-Mar-95,16-Mar-95,3,16,1995,,,128,128,poached,2,1,,,0,poached,1,0,0,0,0,poison,1,1,2,2,0,F,,0.884931507,323,,,,1994-95,
10765,24-Jan-96,3-Jul-96,3-Jul-96,7,3,1996,,,161,161,unknown,3,,,,0,unknown,0,1,0,0,0,,0,1,,1,0,F,,2.134246575,779,,,,1995-96,
10766,18-Dec-94,,27-Oct-95,10,27,1995,27-Oct-95,313,,313,fu,1,,,inactive,1,,0,0,0,0,0,,0,,1,1,1,M,1,,,557,,,1995-96,
10767,7-Feb-97,,26-Jun-97,6,26,1997,26-Jun-97,139,,139,fu,1,,,inactive,1,,0,0,0,0,0,,0,,1,1,0,M,1,,,1137,,,1996-97,
10769,8-May-96,6-Dec-96,6-Dec-96,12,6,1996,,,212,212,collision,6,1,,,0,collision,0,0,0,0,1,,1,1,,,1,M,,2.561643836,935,,,,1996-97,
10771,27-Jan-99,1-Oct-03,1-Oct-03,10,1,2003,,,1708,1708,unknown,3,,,,0,unknown,0,1,0,0,0,,0,1,,1,1,M,,9.4,3431,,,,2003-4,
10772,23-Feb-95,22-Dec-98,22-Dec-98,12,22,1998,,,1398,1398,nonhuman,4,0,,,0,nonhuman,0,0,0,1,0,,1,1,,,1,M,,4.646575342,1696,,,,1998-99,
10773,24-Feb-95,26-Jun-95,26-Jun-95,6,26,1995,,,122,122,collision,6,1,,,0,collision,0,0,0,0,1,,1,1,,,0,M,,1.153424658,421,,,,1994-95,
10774,25-Feb-95,18-May-98,18-May-98,5,18,1998,,,1178,1178,unknown,3,,,,0,unknown,0,1,0,0,0,,0,1,,1,0,F,,4.049315068,1478,,,,1997-98,
10781,13-Jan-99,31-Dec-99,31-Dec-99,12,31,1999,,,352,352,poached,2,1,,,0,poached,1,0,0,0,0,gunshot,1,1,2,2,1,M,,4.747945205,1733,,,,1999-00,
10795,24-May-95,1-Jan-04,1-Jan-04,1,1,2004,,,3144,3144,poached,2,1,,,0,poached,1,0,0,0,0,foulplay,1,1,2,2,1,M,,9.687671233,3536,,,,2003-04,
10796,11-Feb-96,24-May-96,24-May-96,5,24,1996,,,103,103,unknown,3,,,,0,unknown,0,1,0,0,0,,0,1,,1,0,M,,1.131506849,413,,,,1995-96,
10797,21-Feb-96,16-Apr-01,16-Apr-01,4,16,2001,,,1881,1881,nonhuman,4,0,,,0,nonhuman,0,0,0,1,0,,1,1,,,0,F,,6.030136986,2201,,,,2000-1,
10798,16-Mar-96,20-Jan-08,20-Jan-08,1,20,2008,,,4327,4327,nonhuman,4,0,,,0,nonhuman,0,0,0,1,0,,1,1,,,1,F,,12.79726027,4671,,,,2007-08,
10799,28-Mar-96,17-Apr-99,17-Apr-99,4,17,1999,,,1115,1115,nonhuman,4,0,,,0,nonhuman,0,0,0,1,0,,1,1,,,0,M,,4.030136986,1471,,,,1998-99,
10800,18-Nov-96,,29-Dec-97,12,29,1997,29-Dec-97,406,,406,fu,1,,,inactive,1,,0,0,0,0,0,,0,,1,1,1,F,1,,,997,,,1997-98,
10803,8-Nov-95,1-Jan-99,1-Jan-99,1,1,1999,,,1150,1150,poached,2,1,,,0,poached,1,0,0,0,0,gunshot,1,1,2,2,1,M,,3.682191781,1344,,,,1998-99,
10804,1-Nov-95,,7-Oct-97,10,7,1997,7-Oct-97,706,,706,fu,1,,,inactive,1,,0,0,0,0,0,,0,,1,1,1,M,1,,,893,,,1997-98,
10807,24-Jun-96,26-Sep-96,26-Sep-96,9,26,1996,,,94,94,legal,5,1,,,0,legal,0,0,1,0,0,,1,1,,,1,F,,1.435616438,524,,,,1995-96,
10808,16-Oct-96,17-Jul-01,17-Jul-01,7,17,2001,,,1735,1735,unknown,3,,,,0,unknown,0,1,0,0,0,,0,1,,1,0,F,,6.243835616,2279,,,,2000-01,
10809,2-Dec-95,17-Dec-95,17-Dec-95,12,17,1995,,,15,15,poached,2,1,,,0,poached,1,0,0,0,0,poison,1,1,2,2,1,F,,0.630136986,230,,,,1995-96,
10810,5-Dec-95,,21-Oct-97,10,21,1997,21-Oct-97,686,,686,fu,1,,,inactive,1,,0,0,0,0,0,,0,,1,1,1,F,1,,,928,,,1997-98,
10811,19-Dec-95,14-Apr-97,14-Apr-97,4,14,1997,,,482,482,legal,5,1,,,0,legal,0,0,1,0,0,,1,1,,,0,F,,2.021917808,738,,,,1996-97,
10814,29-Jan-96,,9-Mar-96,3,9,1996,9-Mar-96,40,,40,fu,1,,,inactive,1,,0,0,0,0,0,,0,,1,1,0,F,1,,,313,,,1995-96,
10815,18-Mar-96,4-Dec-99,4-Dec-99,12,4,1999,,,1356,1356,legal,5,1,,,0,legal,0,0,1,0,0,,1,1,,,1,F,,unknown,,,,,1999-00,
10873,6-Nov-96,,20-Oct-98,10,20,1998,20-Oct-98,713,,713,fu,1,,,inactive,1,,0,0,0,0,0,,0,,1,1,1,F,1,,,921,,,1998-99,
10874,28-Nov-96,4-Feb-04,4-Feb-04,2,4,2004,,,2624,2624,nonhuman,4,0,,,0,nonhuman,0,0,0,1,0,,1,1,,,0,M,,8.769863014,3201,,,,2003-04,
10875,20-Mar-97,10-May-98,10-May-98,5,10,1998,,,416,416,unknown,3,,,,0,unknown,0,1,0,0,0,,0,1,,1,0,M,,3.02739726,1105,,,,1997-98,
10876,29-Jan-98,20-Feb-98,20-Feb-98,2,20,1998,,,22,22,poached,2,1,,,0,poached,1,0,0,0,0,gunshot,1,1,2,2,0,F,,0.808219178,295,,,,1997-98,
10877,3-Mar-97,,20-Dec-98,12,20,1998,20-Dec-98,657,,657,fu,1,,,inactive,1,,0,0,0,0,0,,0,,1,1,1,F,0,,,984,,,1998-99,
10878,27-Feb-97,20-Mar-01,20-Mar-01,3,20,2001,,,1482,1482,poached,2,1,,,0,poached,1,0,0,0,0,poison,1,1,2,2,0,F,,4.945205479,1805,,,,2000-01,
10879,27-Feb-97,,2-May-97,5,2,1997,2-May-97,64,,64,fu,1,,,inactive,1,,0,0,0,0,0,,0,,1,1,0,M,1,,,387,,,1996-97,
10880,26-Mar-97,9-Dec-99,9-Dec-99,12,9,1999,,,988,988,legal,5,1,,,0,legal,0,0,1,0,0,,1,1,,,1,M,,3.608219178,1317,,,,1999-00,
10881,26-Mar-97,19-May-97,19-May-97,5,19,1997,,,54,54,nonhuman,4,0,,,0,nonhuman,0,0,0,1,0,,1,1,,,0,M,,1.049315068,383,,,,1996-97,
10883,2-Jan-97,27-Mar-98,27-Mar-98,3,27,1998,,,449,449,unknown,3,,,,0,unknown,0,1,0,0,0,,0,1,,1,0,M,,1.904109589,695,,,,1997-98,
10884,9-Jan-97,2-Jun-01,2-Jun-01,6,2,2001,,,1605,1605,poached,2,1,,,0,poached,1,0,0,0,0,gunshot,1,1,2,2,0,F,,6.093150685,2224,,,,2000-01,
10885,28-Jan-97,,7-Apr-98,4,7,1998,7-Apr-98,434,,434,fu,1,,,inactive,1,,0,0,0,0,0,,0,,1,1,0,M,1,,,,,,1997-98,
10889,11-Apr-97,28-Mar-00,28-Mar-00,3,28,2000,,,1082,1082,legal,5,1,,,0,legal,0,0,1,0,0,,1,1,,,0,F,,UNKNOWN,,,,,1999-00,
10890,15-Apr-98,,1-Feb-99,2,1,1999,1-Feb-99,292,,292,fu,1,,,inactive,1,,0,0,0,0,0,,0,,1,1,0,F,1,,,655,,,1998-99,
10895,28-Feb-98,27-May-98,27-May-98,5,27,1998,,,88,88,unknown,3,,,,0,unknown,0,1,0,0,0,,0,1,,1,0,M,,1.109589041,405,,,,1997-98,
10898,6-Dec-97,,7-Dec-98,12,7,1998,7-Dec-98,366,,366,fu,1,,,inactive,1,,0,0,0,0,0,,0,,1,1,1,M,1,,,599,,,1998-99,
10899,7-Dec-97,,7-Jul-98,7,7,1998,7-Jul-98,212,,212,fu,1,,,inactive,1,,0,0,0,0,0,,0,,1,1,0,M,1,,,446,,,1997-98,
10900,6-Dec-97,,6-Apr-99,4,6,1999,6-Apr-99,486,,486,fu,1,,,inactive,1,,0,0,0,0,0,,0,,1,1,0,M,1,,,719,,,1998-99,
10904,17-Dec-97,11-Sep-10,11-Sep-10,9,11,2010,,,4651,4651,collision,6,1,,,0,collision,0,0,0,0,1,,1,1,,,0,F,,13.4109589,4895,,,,2009-10,
10907,7-Dec-97,,6-Apr-99,4,6,1999,6-Apr-99,485,,485,fu,1,,,inactive,1,,0,0,0,0,0,,0,,1,1,0,M,1,,,1089,,,1998-99,
10929,30-Mar-99,25-Oct-99,25-Oct-99,10,25,1999,,,209,209,poached,2,1,,,0,poached,1,0,0,0,0,gunshot,1,1,2,2,1,M,,2.432876712,888,,,,1999-00,
10930,30-Apr-99,27-Nov-00,27-Nov-00,11,27,2000,,,577,577,poached,2,1,,,0,poached,1,0,0,0,0,gunshot,1,1,2,2,1,M,,3.564383562,1301,,,,2000-01,
10933,24-Apr-00,25-May-00,25-May-00,5,25,2000,,,31,31,collision,6,1,,,0,collision,0,0,0,0,1,,1,1,,,0,M,,3.068493151,1120,,,,1999-00,
10934,13-Jan-98,14-Jul-98,14-Jul-98,7,14,1998,,,182,182,collision,6,1,,,0,collision,0,0,0,0,1,,1,1,,,0,M,,1.246575342,455,,,,1997-98,
10935,19-Mar-98,5-Jun-98,5-Jun-98,6,5,1998,,,78,78,unknown,3,,,,0,unknown,0,1,0,0,0,,0,1,,1,0,M,,1.139726027,416,,,,1997-98,
10936,19-Nov-97,,23-Nov-98,11,23,1998,23-Nov-98,369,,369,fu,1,,,inactive,1,,0,0,0,0,0,,0,,1,1,1,M,1,,,587,,,1998-99,
10941,30-Jan-98,6-Jul-98,6-Jul-98,7,6,1998,,,157,157,collision,6,1,,,0,collision,0,0,0,0,1,,1,1,,,0,M,,1.224657534,447,,,,1997-98,
10943,10-Feb-98,22-Dec-98,22-Dec-98,12,22,1998,,,315,315,poached,2,1,,,0,poached,1,0,0,0,0,gunshot,1,1,2,2,1,M,,UNKONWN,,,,,1998-99,
10944,19-Feb-98,21-Jan-99,21-Jan-99,1,21,1999,,,336,336,legal,5,1,,,0,legal,0,0,1,0,0,,1,1,,,1,M,,2.726027397,995,,,,1998-99,
10945,8-Mar-98,16-Apr-99,16-Apr-99,4,16,1999,,,404,404,nonhuman,4,0,,,0,nonhuman,0,0,0,1,0,,1,1,,,0,F,,1.95890411,715,,,,1998-99,
10946,24-Mar-98,,23-Sep-04,9,23,2004,23-Sep-04,2375,,2375,fu,1,,,inactive,1,,0,0,0,0,0,,0,,1,1,1,M,2,,,3798,,,2003-04,
10948,1-Nov-98,2-Nov-02,2-Nov-02,11,2,2002,,,1462,1462,poached,2,1,,,0,poached,1,0,0,0,0,gunshot,1,1,2,2,1,M,,5.509589041,2011,,,,2002-03,
10949,13-Nov-98,26-Jan-03,26-Jan-03,1,26,2003,,,1535,1535,nonhuman,4,0,,,0,nonhuman,0,0,0,1,0,,1,1,,,1,F,,5.742465753,2096,,,,2002-03,
10950,31-Jul-00,,30-Sep-01,9,30,2001,30-Sep-01,426,,426,fu,1,,,inactive,1,,0,0,0,0,0,,0,,1,1,1,M,1,,,1257,,,2000-01,
10951,4-Apr-01,28-Apr-01,28-Apr-01,4,28,2001,,,24,24,collision,6,1,,,0,collision,0,0,0,0,1,,1,1,,,0,M,,3.019178082,1102,,,,2000-01,
10952,4-Oct-00,,1-Dec-05,12,1,2005,1-Dec-05,1884,,1884,fu,1,,,inactive,1,,0,0,0,0,0,,0,,1,1,1,F,2,,,2780,,,2005-06,
10969,10-Nov-98,23-Jan-03,23-Jan-03,1,23,2003,,,1535,1535,nonhuman,4,0,,,0,nonhuman,0,0,0,1,0,,1,1,,,1,M,,6.734246575,2458,,,,2002-03,
10970,10-Nov-98,12-May-99,12-May-99,5,12,1999,,,183,183,poached,2,1,,,0,poached,1,0,0,0,0,gunshot,1,1,2,2,0,F,,3.030136986,1106,,,,1998-99,
10971,16-Nov-98,15-Sep-00,15-Sep-00,9,15,2000,,,669,669,legal,5,1,,,0,legal,0,0,1,0,0,,1,1,,,1,F,,4.378082192,1598,,,,1999-00,
10972,20-Nov-98,8-Jun-00,8-Jun-00,6,8,2000,,,566,566,legal,5,1,,,0,legal,0,0,1,0,0,,1,1,,,0,F,,2.106849315,769,,,,1999-00,
10973,5-Dec-98,26-May-00,26-May-00,5,26,2000,,,538,538,unknown,3,,,,0,unknown,0,1,0,0,0,,0,1,,1,0,F,,2.071232877,756,,,,1999-00,
10977,26-Feb-99,22-May-01,22-May-01,5,22,2001,,,816,816,unknown,3,,,,0,unknown,0,1,0,0,0,,0,1,,1,0,M,,3.060273973,1117,,,,2000-1,
10978,10-Mar-99,20-Jan-09,20-Jan-09,1,20,2009,,,3604,3604,unknown,3,,,,0,unknown,0,1,0,0,0,,0,1,,1,1,F,,12.73150685,4647,,,,2008-9,
10979,1-Mar-99,,8-Sep-99,9,8,1999,8-Sep-99,191,,191,fu,1,,,inactive,1,,0,0,0,0,0,,0,,1,1,0,M,1,,,1225,,,1998-99,
10980,5-May-99,9-Nov-05,9-Nov-05,11,9,2005,,,2380,2380,collision,6,1,,,0,collision,0,0,0,0,1,,1,1,,,1,M,,7.531506849,2749,,,,2005-06,
10982,29-Sep-00,31-Oct-00,31-Oct-00,10,31,2000,,,,32,agency_removal,7,,,,0,,0,0,0,0,0,,1,0,,,1,F,,,,,,,2000-01,PULLED TO CAPTIVITY DUE TO TOLERANCE OF RESIDENCE
10985,16-Mar-99,25-Apr-01,25-Apr-01,4,25,2001,,,771,771,unknown,3,,,,0,unknown,0,1,0,0,0,,0,1,,1,0,F,,UNKNOWN,,,,,2000-01,
10986,25-Feb-00,,20-Apr-00,4,20,2000,20-Apr-00,55,,55,fu,1,,,inactive,1,,0,0,0,0,0,,0,,1,1,0,F,1,,,367,,,1999-00,
10987,8-Nov-99,5-Jul-06,5-Jul-06,7,5,2006,,,2431,2431,unknown,3,,,,0,unknown,0,1,0,0,0,,0,1,,1,0,M,,7.210958904,2632,,,,2005-6,
10989,16-Nov-99,9-Jun-00,9-Jun-00,6,9,2000,,,206,206,legal,5,1,,,0,legal,0,0,1,0,0,,1,1,,,0,M,,1.136986301,415,,,,1999-00,
10992,14-Nov-99,25-Oct-04,25-Oct-04,10,25,2004,,,1807,1807,poached,2,1,,,0,poached,1,0,0,0,0,foulplay,1,1,2,2,1,M,,5.517808219,2014,,,,2004-05,
10995,25-Nov-99,,25-Oct-00,10,25,2000,25-Oct-00,335,,335,fu,1,,,inactive,1,,0,0,0,0,0,,0,,1,1,1,F,1,,,561,,,2000-01,
10998,8-Nov-99,,22-Jan-02,1,22,2002,22-Jan-02,806,,806,fu,1,,,inactive,1,,0,0,0,0,0,,0,,1,1,1,M,1,,,1015,,,2001-02,
11001,29-Nov-99,,6-Jun-05,6,6,2005,6-Jun-05,2016,,2016,fu,1,,,inactive,1,,0,0,0,0,0,,0,,1,1,0,M,1,,,2240,,,2004-05,
11022,18-Jun-99,11-Dec-99,11-Dec-99,12,11,1999,,,176,176,poached,2,1,,,0,poached,1,0,0,0,0,gunshot,1,1,2,2,1,M,,1.61369863,589,,,,1999-00,
11024,10-Aug-99,1-Nov-99,1-Nov-99,11,1,1999,,,83,83,legal,5,1,,,0,legal,0,0,1,0,0,,1,1,,,1,M,,0.504109589,184,,,,1999-00,
11025,27-Oct-99,17-Nov-99,17-Nov-99,11,17,1999,,,21,21,poached,2,1,,,0,poached,1,0,0,0,0,gunshot,1,1,2,2,1,F,,0.547945205,200,,,,1999-00,
11026,1-Nov-99,,3-Apr-00,4,3,2000,3-Apr-00,154,,154,fu,1,,,inactive,1,,0,0,0,0,0,,0,,1,1,0,F,1,,,350,,,1999-00,
11027,1-Nov-99,16-Dec-99,16-Dec-99,12,16,1999,,,45,45,legal,5,1,,,0,legal,0,0,1,0,0,,1,1,,,1,F,,0.62739726,229,,,,1999-00,
11028,3-Nov-99,21-Nov-03,21-Nov-03,11,21,2003,,,1479,1479,poached,2,1,,,0,poached,1,0,0,0,0,gunshot,1,1,2,2,1,F,,4.561643836,1665,,,,2003-04,
11029,4-Nov-99,13-Jun-00,13-Jun-00,6,13,2000,,,222,222,unknown,3,,,,0,unknown,0,1,0,0,0,,0,1,,1,0,F,,1.120547945,409,,,,1999-00,
11030,5-Nov-99,10-Feb-06,10-Feb-06,2,10,2006,,,2289,2289,nonhuman,4,0,,,0,nonhuman,0,0,0,1,0,,1,1,,,0,F,,6.78630137,2477,,,,2005-06,
11031,6-Nov-99,13-May-02,13-May-02,5,13,2002,,,919,919,collision,6,1,,,0,collision,0,0,0,0,1,,1,1,,,0,M,,3.035616438,1108,,,,2001-02,
11032,6-Nov-99,22-Feb-02,22-Feb-02,2,22,2002,,,839,839,nonhuman,4,0,,,0,nonhuman,0,0,0,1,0,,1,1,,,0,F,,3.816438356,1393,,,,2001-02,
11033,8-Nov-99,25-Oct-00,25-Oct-00,10,25,2000,,,352,352,unknown,3,,,,0,unknown,0,1,0,0,0,,0,1,,1,1,F,,1.487671233,543,,,,2000-01,
11034,7-Nov-99,,13-Sep-06,9,13,2006,13-Sep-06,2502,,2502,fu,1,,,inactive,1,,0,0,0,0,0,,0,,1,1,1,M,2,,,3057,,,2005-06,
11035,7-Nov-99,1-Feb-07,1-Feb-07,2,1,2007,,,2643,2643,poached,2,1,,,0,poached,1,0,0,0,0,poison,1,1,2,2,0,F,,7.761643836,2833,,,,2006-07,
11036,8-Nov-99,30-Nov-09,30-Nov-09,11,30,2009,,,3675,3675,nonhuman,4,0,,,0,nonhuman,0,0,0,1,0,,1,1,,,1,F,,11.59178082,4231,,,,2009-10,
11037,9-Nov-99,,3-Jan-07,1,3,2007,3-Jan-07,2612,,2612,fu,1,,,inactive,1,,0,0,0,0,0,,0,,1,1,1,F,2,,,2804,,,2006-07,
11038,9-Nov-99,22-Jan-01,22-Jan-01,1,22,2001,,,440,440,collision,6,1,,,0,collision,0,0,0,0,1,,1,1,,,1,F,,2.731506849,997,,,,2000-01,
11039,10-Nov-99,3-May-03,3-May-03,5,3,2003,,,1270,1270,collision,6,1,,,0,collision,0,0,0,0,1,,1,1,,,0,F,,4.008219178,1463,,,,2002-03,
11040,10-Nov-99,11-Mar-01,11-Mar-01,3,11,2001,,,487,487,poached,2,1,,,0,poached,1,0,0,0,0,gunshot,1,1,2,2,0,F,,1.895890411,692,,,,2000-01,
11041,13-Nov-99,,6-Mar-00,3,6,2000,6-Mar-00,114,,114,fu,1,,,inactive,1,,0,0,0,0,0,,0,,1,1,0,M,1,,,675,,,1999-00,
11042,13-Nov-99,,6-Mar-00,3,6,2000,6-Mar-00,114,,114,fu,1,,,inactive,1,,0,0,0,0,0,,0,,1,1,0,M,1,,,322,,,1999-00,
11043,16-Nov-99,4-Jan-00,4-Jan-00,1,4,2000,,,49,49,poached,2,1,,,0,poached,1,0,0,0,0,gunshot,1,1,2,2,1,M,,0.679452055,248,,,,1999-00,
11044,30-Nov-99,27-Sep-06,27-Sep-06,9,27,2006,,,2493,2493,nonhuman,4,0,,,0,nonhuman,0,0,0,1,0,,1,1,,,1,F,,8.41369863,3071,,,,2005-06,
11045,8-Dec-99,22-Feb-07,22-Feb-07,2,22,2007,,,2633,2633,poached,2,1,,,0,poached,1,0,0,0,0,gunshot,1,1,2,2,0,F,,8.819178082,3219,,,,2006-07,
11048,13-Jan-00,1-Feb-08,1-Feb-08,2,1,2008,,,2941,2941,nonhuman,4,0,,,0,nonhuman,0,0,0,1,0,,1,1,,,0,M,,8.761643836,3198,,,,2007-08,
11049,13-Jan-00,9-Dec-06,9-Dec-06,12,9,2006,,,2522,2522,poached,2,1,,,0,poached,1,0,0,0,0,gunshot,1,1,2,2,1,F,,7.61369863,2779,,,,2006-07,
11050,18-Feb-00,24-Feb-00,24-Feb-00,2,24,2000,,,6,6,legal,5,1,,,0,legal,0,0,1,0,0,,1,1,,,0,M,,0.819178082,299,,,,1999-00,
11051,18-Feb-00,,1-Mar-05,3,1,2005,1-Mar-05,1838,,1838,fu,1,,,inactive,1,,0,0,0,0,0,,0,,1,1,0,F,1,,,,,,2004-05,
11052,17-Mar-00,7-Mar-02,7-Mar-02,3,7,2002,,,720,720,poached,2,1,,,0,poached,1,0,0,0,0,poison,1,1,2,2,0,M,,4.852054795,1771,,,,2001-02,
11053,4-Oct-00,1-Sep-03,1-Sep-03,9,1,2003,,,1062,1062,nonhuman,4,0,,,0,nonhuman,0,0,0,1,0,,1,1,,,0,M,,5.339726027,1949,,,,2002-03,
11055,7-Apr-00,,18-Dec-01,12,18,2001,18-Dec-01,620,,620,fu,1,,,inactive,1,,0,0,0,0,0,,0,,1,1,1,F,2,,,,,,2001-02,
11059,26-May-00,20-May-03,20-May-03,5,20,2003,,,1089,1089,nonhuman,4,0,,,0,nonhuman,0,0,0,1,0,,1,1,,,0,F,,3.109589041,1135,,,,2002-03,
11068,21-Dec-00,9-Feb-10,9-Feb-10,2,9,2010,,,3337,3337,nonhuman,4,0,,,0,nonhuman,0,0,0,1,0,,1,1,,,0,M,,9.810958904,3581,,,,2009-10,
11069,20-Dec-00,16-Dec-02,16-Dec-02,12,16,2002,,,726,726,poached,2,1,,,0,poached,1,0,0,0,0,gunshot,1,1,2,2,1,M,,2.654794521,969,,,,2002-03,
11070,20-Dec-00,20-May-02,20-May-02,5,20,2002,,,516,516,collision,6,1,,,0,collision,0,0,0,0,1,,1,1,,,0,F,,2.079452055,759,,,,2001-02,
11071,20-Dec-00,15-Jan-02,15-Jan-02,1,15,2002,,,391,391,collision,6,1,,,0,collision,0,0,0,0,1,,1,1,,,1,M,,1.736986301,634,,,,2001-02,
11073,20-Dec-00,11-Feb-04,11-Feb-04,2,11,2004,,,1148,1148,poached,2,1,,,0,poached,1,0,0,0,0,gunshot,1,1,2,2,0,F,,3.810958904,1391,,,,2003-04,
11074,20-Dec-00,,18-Dec-01,12,18,2001,18-Dec-01,363,,363,fu,1,,,inactive,1,,0,0,0,0,0,,0,,1,1,1,M,1,,,606,,,2001-02,
11075,21-Dec-00,10-Mar-02,10-Mar-02,3,10,2002,,,444,444,poached,2,1,,,0,poached,1,0,0,0,0,poison,1,1,2,2,0,F,,1.884931507,688,,,,2001-02,
11080,9-May-00,4-Mar-05,4-Mar-05,3,4,2005,,,1760,1760,nonhuman,4,0,,,0,nonhuman,0,0,0,1,0,,1,1,,,0,M,,UNKNOWN,,,,,2004-5,
11085,28-Nov-00,,9-Aug-11,8,9,2011,9-Aug-11,3906,,3906,fu,1,,,inactive,1,,0,0,0,0,0,,0,,1,1,0,F,0,,,4140,,,2010-11,
11086,28-Nov-00,7-Apr-01,7-Apr-01,4,7,2001,,,130,130,unknown,3,,,,0,unknown,0,1,0,0,0,,0,1,,1,0,M,,0.997260274,364,,,,2000-01,
11087,28-Nov-00,1-Dec-01,1-Dec-01,12,1,2001,,,368,368,poached,2,1,,,0,poached,1,0,0,0,0,gunshot,1,1,2,2,1,M,,1.649315068,602,,,,2001-02,
11100,7-Sep-00,28-Jan-03,28-Jan-03,1,28,2003,,,873,873,nonhuman,4,0,,,0,nonhuman,0,0,0,1,0,,1,1,,,1,F,,UNKNOWN,,,,,2002-03,
11101,2-Nov-00,13-Nov-01,13-Nov-01,11,13,2001,,,376,376,poached,2,1,,,0,poached,1,0,0,0,0,gunshot,1,1,2,2,1,M,,UNKOWN,,,,,2001-02,
11102,11-Nov-00,,1-Feb-01,2,1,2001,1-Feb-01,82,,82,fu,1,,,inactive,1,,0,0,0,0,0,,0,,1,1,0,M,1,,,,,,2000-01,
11103,21-Nov-00,1-Oct-02,1-Oct-02,10,1,2002,,,679,679,legal,5,1,,,0,legal,0,0,1,0,0,,1,1,,,1,M,,unknown,,,,,2002-03,
11104,28-Nov-00,22-Feb-02,22-Feb-02,2,22,2002,,,451,451,poached,2,1,,,0,poached,1,0,0,0,0,trap,1,1,2,2,0,F,,UNKNOWN,,,,,2001-02,
11105,29-Nov-00,29-Dec-11,29-Dec-11,12,29,2011,,,4047,4047,poached,2,1,,,0,poached,1,0,0,0,0,gunshot,1,1,2,2,1,M,,11.66849315,4259,,,,2011-12,
11106,29-Nov-00,20-Oct-01,20-Oct-01,10,20,2001,,,325,325,poached,2,1,,,0,poached,1,0,0,0,0,gunshot,1,1,2,2,1,M,,1.471232877,537,,,,2001-02,
11107,1-Dec-00,6-Nov-01,6-Nov-01,11,6,2001,,,340,340,nonhuman,4,0,,,0,nonhuman,0,0,0,1,0,,1,1,,,1,M,,1.517808219,554,,,,2001-02,
11108,16-Mar-01,,12-Nov-04,11,12,2004,12-Nov-04,1337,,1337,fu,1,,,inactive,1,,0,0,0,0,0,,0,,1,1,1,M,2,,,,,,2004-05,
11109,4-Apr-01,,18-Dec-01,12,18,2001,18-Dec-01,258,,258,fu,1,,,inactive,1,,0,0,0,0,0,,0,,1,1,1,F,1,,,,,,2001-02,
11110,9-Dec-00,1-Oct-01,1-Oct-01,10,1,2001,,,296,296,poached,2,1,,,0,poached,1,0,0,0,0,gunshot,1,1,2,2,1,M,,1.419178082,518,,,,2001-02,
11112,3-Mar-01,29-Oct-04,29-Oct-04,10,29,2004,,,1336,1336,unknown,3,,,,0,unknown,0,1,0,0,0,,0,1,,1,1,M,,4.498630137,1642,,,,2004-05,
11114,22-Nov-01,18-Dec-02,18-Dec-02,12,18,2002,,,391,391,poached,2,1,,,0,poached,1,0,0,0,0,gunshot,1,1,2,2,1,F,,1.687671233,616,,,,2002-03,
11115,22-Nov-01,22-Jul-05,22-Jul-05,7,22,2005,,,1338,1338,unknown,3,,,,0,unknown,0,1,0,0,0,,0,1,,1,0,M,,4.282191781,1563,,,,2004-05,
11132,19-Nov-01,7-Jul-09,7-Jul-09,7,7,2009,,,2787,2787,unknown,3,,,,0,unknown,0,1,0,0,0,,0,1,,1,0,F,,8.246575342,3010,,,,2008-09,
11133,22-Nov-01,18-May-02,18-May-02,5,18,2002,,,177,177,collision,6,1,,,0,collision,0,0,0,0,1,,1,1,,,0,M,,1.104109589,403,,,,2001-02,
11134,14-Nov-01,10-Apr-02,10-Apr-02,4,10,2002,,,147,147,poached,2,1,,,0,poached,1,0,0,0,0,gunshot,1,1,2,2,0,F,,1,365,,,,2001-02,
11135,13-Nov-01,14-Nov-02,14-Nov-02,11,14,2002,,,366,366,poached,2,1,,,0,poached,1,0,0,0,0,gunshot,1,1,2,2,1,M,,1.597260274,583,,,,2002-03,
11136,18-Jan-02,17-Nov-09,17-Nov-09,11,17,2009,,,2860,2860,unknown,3,,,,0,unknown,0,1,0,0,0,,0,1,,1,1,M,,8.610958904,3143,,,,2009-10,
11140,6-Nov-01,8-Mar-03,8-Mar-03,3,8,2003,,,487,487,collision,6,1,,,0,collision,0,0,0,0,1,,1,1,,,0,F,,1.879452055,686,,,,2002-03,
11148,12-Nov-01,,28-Jul-09,7,28,2009,28-Jul-09,2815,,2815,fu,1,,,inactive,1,,0,0,0,0,0,,0,,1,1,0,F,2,,,3031,,,2008-09,
11149,27-Mar-02,28-Nov-05,28-Nov-05,11,28,2005,,,1342,1342,poached,2,1,,,0,poached,1,0,0,0,0,gunshot,1,1,2,2,1,M,,4.624657534,1688,,,,2005-6,
11152,25-Mar-03,,25-Jan-05,1,25,2005,25-Jan-05,672,,672,fu,1,,,inactive,1,,0,0,0,0,0,,0,,1,1,1,F,2,,,1381,,,2004-05,
11162,30-Nov-01,3-Jan-09,3-Jan-09,1,3,2009,,,2591,2591,collision,6,1,,,0,collision,0,0,0,0,1,,1,1,,,1,F,,7.726027397,2820,,,,2008-09,
11163,30-Nov-01,13-Aug-09,13-Aug-09,8,13,2009,,,2813,2813,unknown,3,,,,0,unknown,0,1,0,0,0,,0,1,,1,0,F,,8.334246575,3042,,,,2008-09,
11164,17-Nov-01,20-Aug-02,20-Aug-02,8,20,2002,,,276,276,legal,5,1,,,0,legal,0,0,1,0,0,,1,1,,,0,M,,1.304109589,476,,,,2001-02,
11165,21-Jan-03,10-Nov-09,10-Nov-09,11,10,2009,,,2485,2485,poached,2,1,,,0,poached,1,0,0,0,0,gunshot,1,1,2,2,1,F,,8.534246575,3115,,,,2009-10,
11166,1-Nov-02,26-Aug-07,26-Aug-07,8,26,2007,,,1759,1759,poached,2,1,,,0,poached,1,0,0,0,0,gunshot,1,1,2,2,0,M,,6.323287671,2308,,,,2006-07,
11167,12-Jan-02,11-Mar-02,11-Mar-02,3,11,2002,,,58,58,poached,2,1,,,0,poached,1,0,0,0,0,poison,1,1,2,2,0,M,,UNKNOWN,,,,,2001-02,
11168,30-Jan-02,28-Jun-06,28-Jun-06,6,28,2006,,,1610,1610,poached,2,1,,,0,poached,1,0,0,0,0,gunshot,1,1,2,2,0,M,,UNKNOWN,,,,,2005-06,
11169,21-Feb-02,24-Mar-08,24-Mar-08,3,24,2008,,,2223,2223,unknown,3,,,,0,unknown,0,1,0,0,0,,0,1,,1,0,M,,UNKNOWN,,,,,2007-08,
11170,31-May-02,1-Jan-11,1-Jan-11,1,1,2011,,,3137,3137,unknown,3,,,,0,unknown,0,1,0,0,0,,0,1,,1,1,F,,UNKNOWN,,,,,2010-11,
11171,5-Apr-02,3-Jun-08,3-Jun-08,6,3,2008,,,2251,2251,unknown,3,,,,0,unknown,0,1,0,0,0,,0,1,,1,0,M,,6.197260274,2262,,,,2007-08,
11173,5-Apr-02,12-Apr-03,12-Apr-03,4,12,2003,,,372,372,poached,2,1,,,0,poached,1,0,0,0,0,poison,1,1,2,2,0,F,,1.049315068,383,,,,2002-3,
11176,5-Apr-02,7-Feb-05,7-Feb-05,2,7,2005,,,1039,1039,nonhuman,4,0,,,0,nonhuman,0,0,0,1,0,,1,1,,,0,M,,2.876712329,1050,,,,2004-05,
11177,7-Dec-02,11-Jul-11,11-Jul-11,7,11,2011,,,3138,3138,unknown,3,,,,0,unknown,0,1,0,0,0,,0,1,,1,0,M,,9.252054795,3377,,,,2010-11,
11178,1-Dec-02,30-Oct-05,30-Oct-05,10,30,2005,,,1064,1064,nonhuman,4,0,,,0,nonhuman,0,0,0,1,0,,1,1,,,1,M,,3.553424658,1297,,,,2005-06,
11180,31-Dec-02,4-Jan-05,4-Jan-05,1,4,2005,,,735,735,poached,2,1,,,0,poached,1,0,0,0,0,foulplay,1,1,2,2,1,F,,2.734246575,998,,,,2004-05,
11181,5-Dec-02,6-Nov-04,6-Nov-04,11,6,2004,,,702,702,poached,2,1,,,0,poached,1,0,0,0,0,gunshot,1,1,2,2,1,F,,2.57260274,939,,,,2004-05,
11183,12-Dec-02,,2-Dec-03,12,2,2003,2-Dec-03,355,,355,fu,1,,,inactive,1,,0,0,0,0,0,,0,,1,1,1,M,1,,,591,,,2003-04,
11184,26-Nov-02,,4-Nov-03,11,4,2003,4-Nov-03,343,,343,fu,1,,,inactive,1,,0,0,0,0,0,,0,,1,1,1,M,1,,,563,,,2003-04,
11185,24-Mar-03,21-Apr-10,21-Apr-10,4,21,2010,,,2585,2585,nonhuman,4,0,,,0,nonhuman,0,0,0,1,0,,1,1,,,0,M,,8.038356164,2934,,,,2009-10,
11186,20-Feb-03,,2-Dec-03,12,2,2003,2-Dec-03,285,,285,fu,1,,,inactive,1,,0,0,0,0,0,,0,,1,1,1,M,1,,,602,,,2003-04,
11187,19-Mar-03,8-Apr-03,8-Apr-03,4,8,2003,,,20,20,legal,5,1,,,0,legal,0,0,1,0,0,,1,1,,,0,M,,0.997260274,364,,,,2002-03,
11188,6-Dec-03,1-Feb-05,1-Feb-05,2,1,2005,,,423,423,legal,5,1,,,0,legal,0,0,1,0,0,,1,1,,,0,M,,2.819178082,1029,,,,2004-05,
11190,12-Mar-03,29-Apr-04,29-Apr-04,4,29,2004,,,414,414,nonhuman,4,0,,,0,nonhuman,0,0,0,1,0,,1,1,,,0,F,,2.057534247,751,,,,2003-04,
11199,5-May-02,10-Dec-09,10-Dec-09,12,10,2009,,,2776,2776,collision,6,1,,,0,collision,0,0,0,0,1,,1,1,,,1,M,,7.643835616,2790,,,,2009-10,
11202,5-May-02,13-Apr-04,13-Apr-04,4,13,2004,,,709,709,nonhuman,4,0,,,0,nonhuman,0,0,0,1,0,,1,1,,,0,F,,1.980821918,723,,,,2003-4,
11205,23-Feb-03,31-Dec-06,31-Dec-06,12,31,2006,,,1407,1407,poached,2,1,,,0,poached,1,0,0,0,0,gunshot,1,1,2,2,1,M,,4.745205479,1732,,,,2006-07,
11206,24-Feb-04,,15-Dec-06,12,15,2006,15-Dec-06,1025,,1025,fu,1,,,inactive,1,,0,0,0,0,0,,0,,1,1,1,M,2,,,1710,,,2006-07,
11207,10-Jun-03,30-Dec-10,30-Dec-10,12,30,2010,,,2760,2760,nonhuman,4,0,,,0,nonhuman,0,0,0,1,0,,1,1,,,1,F,,8.728767123,3186,,,,2010-11,
11233,16-Nov-02,16-Apr-04,16-Apr-04,4,16,2004,,,517,517,collision,6,1,,,0,collision,0,0,0,0,1,,1,1,,,0,F,,1.989041096,726,,,,2003-04,
11234,16-Nov-02,19-Jun-04,19-Jun-04,6,19,2004,,,581,581,collision,6,1,,,0,collision,0,0,0,0,1,,1,1,,,0,F,,2.164383562,790,,,,2003-04,
11235,17-Nov-02,,26-Aug-03,8,26,2003,26-Aug-03,282,,282,fu,1,,,inactive,1,,0,0,0,0,0,,0,,1,1,0,F,1,,,492,,,2002-03,
11236,17-Nov-02,7-Jun-03,7-Jun-03,6,7,2003,,,202,202,nonhuman,4,0,,,0,nonhuman,0,0,0,1,0,,1,1,,,0,M,,1.128767123,412,,,,2002-03,
11237,9-Dec-02,13-Dec-04,13-Dec-04,12,13,2004,,,735,735,poached,2,1,,,0,poached,1,0,0,0,0,gunshot,1,1,2,2,1,M,,2.695890411,984,,,,2004-05,
11238,18-Jan-05,28-Oct-13,28-Oct-13,10,28,2013,,,3205,3205,poached,2,1,,,0,poached,1,0,0,0,0,gunshot,1,1,2,2,1,M,,10.52876712,3843,,,,2013-14,
11240,16-Jan-04,3-Feb-06,3-Feb-06,2,3,2006,,,749,749,collision,6,1,,,0,collision,0,0,0,0,1,,1,1,,,0,F,,2.791780822,1019,,,,2005-06,
11243,13-Nov-03,24-Dec-05,24-Dec-05,12,24,2005,,,772,772,poached,2,1,,,0,poached,1,0,0,0,0,gunshot,1,1,2,2,1,M,,2.679452055,978,,,,2005-06,
11246,27-Nov-03,,26-Oct-07,10,26,2007,26-Oct-07,1429,,1429,fu,1,,,inactive,1,,0,0,0,0,0,,0,,1,1,1,M,1,,,1654,,,2007-08,
11248,26-Nov-03,11-Aug-08,11-Aug-08,8,11,2008,,,1720,1720,poached,2,1,,,0,poached,1,0,0,0,0,poison,1,1,2,2,0,F,,5.326027397,1944,,,,2007-08,
11249,26-Nov-03,1-Oct-04,1-Oct-04,10,1,2004,,,310,310,nonhuman,4,0,,,0,nonhuman,0,0,0,1,0,,1,1,,,1,F,,1.463013699,534,,,,2004-05,
11259,13-Feb-04,5-Mar-04,5-Mar-04,3,5,2004,,,21,21,collision,6,1,,,0,collision,0,0,0,0,1,,1,1,,,0,F,,0.893150685,326,,,,2003-04,
11266,17-Nov-03,,23-Sep-04,9,23,2004,23-Sep-04,311,,311,fu,1,,,inactive,1,,0,0,0,0,0,,0,,1,1,1,F,1,,,520,,,2003-04,
11267,17-Nov-03,19-Feb-04,19-Feb-04,2,19,2004,,,94,94,collision,6,1,,,0,collision,0,0,0,0,1,,1,1,,,0,M,,0.830136986,303,,,,2003-04,
11268,17-Nov-03,13-Oct-09,13-Oct-09,10,13,2009,,,2157,2157,poached,2,1,,,0,poached,1,0,0,0,0,foulplay,1,1,2,2,1,F,,6.482191781,2366,,,,2009-10,
11269,20-Nov-03,16-Dec-04,16-Dec-04,12,16,2004,,,392,392,legal,5,1,,,0,legal,0,0,1,0,0,,1,1,,,1,M,,1.654794521,604,,,,2004-5,
11270,16-Nov-03,,2-Aug-05,8,2,2005,2-Aug-05,625,,625,fu,1,,,inactive,1,,0,0,0,0,0,,0,,1,1,0,F,1,,,833,,,2004-05,
11293,10-Nov-03,,25-Oct-04,10,25,2004,25-Oct-04,350,,350,fu,1,,,inactive,1,,0,0,0,0,0,,0,,1,1,1,F,1,,,543,,,2004-05,
11294,9-Dec-03,1-Nov-05,1-Nov-05,11,1,2005,,,693,693,poached,2,1,,,0,poached,1,0,0,0,0,gunshot,1,1,2,2,1,M,,2.534246575,925,,,,2005-6,
11295,6-Nov-03,1-Dec-04,1-Dec-04,12,1,2004,,,391,391,poached,2,1,,,0,poached,1,0,0,0,0,gunshot,1,1,2,2,1,M,,1.616438356,590,,,,2004-05,
11296,10-Nov-03,11-Feb-04,11-Feb-04,2,11,2004,,,93,93,collision,6,1,,,0,collision,0,0,0,0,1,,1,1,,,0,F,,0.783561644,286,,,,2003-04,
11298,26-Feb-04,,9-Feb-11,2,9,2011,9-Feb-11,2540,,2540,fu,1,,,inactive,1,,0,0,0,0,0,,0,,1,1,0,F,2,,,2841,,,2010-11,
11299,23-Dec-04,5-Dec-06,5-Dec-06,12,5,2006,,,712,712,legal,5,1,,,0,legal,0,0,1,0,0,,1,1,,,1,M,,2.654794521,969,,,,2006-07,
11300,18-Nov-04,27-Feb-15,27-Feb-15,2,27,2015,,,3753,3753,poached,2,1,,,0,poached,1,0,0,0,0,poison,1,1,2,2,0,F,,10.88493151,3973,,,,2014-15,
11301,18-Nov-04,26-Aug-14,26-Aug-14,8,26,2014,,,3568,3568,nonhuman,4,0,,,0,nonhuman,0,0,0,1,0,,1,1,,,0,M,,10.37808219,3788,,,,2013-14,
11303,17-Nov-04,23-May-05,23-May-05,5,23,2005,,,187,187,nonhuman,4,0,,,0,nonhuman,0,0,0,1,0,,1,1,,,0,F,,1.112328767,406,,,,2004-05,
11306,17-Jan-05,,14-Dec-05,12,14,2005,14-Dec-05,331,,331,fu,1,,,inactive,1,,0,0,0,0,0,,0,,1,1,1,F,1,,,607,,,2005-06,
11307,10-Dec-04,1-Mar-05,1-Mar-05,3,1,2005,,,81,81,poached,2,1,,,0,poached,1,0,0,0,0,poison,1,1,2,2,0,M,,0.873972603,319,,,,2004-5,
11308,10-Dec-04,16-May-06,16-May-06,5,16,2006,,,522,522,collision,6,1,,,0,collision,0,0,0,0,1,,1,1,,,0,M,,2.082191781,760,,,,2005-06,
11310,10-Mar-05,2-Dec-05,2-Dec-05,12,2,2005,,,267,267,poached,2,1,,,0,poached,1,0,0,0,0,gunshot,1,1,2,2,1,M,,1.630136986,595,,,,2005-06,
11312,10-Jun-05,27-Nov-07,27-Nov-07,11,27,2007,,,900,900,poached,2,1,,,0,poached,1,0,0,0,0,foulplay,1,1,2,2,1,F,,3.616438356,1320,,,,2007-08,
11313,21-Jan-06,8-Nov-10,8-Nov-10,11,8,2010,,,1752,1752,poached,2,1,,,0,poached,1,0,0,0,0,gunshot,1,1,2,2,1,M,,6.561643836,2395,,,,2010-11,
11314,11-Dec-04,17-Aug-05,17-Aug-05,8,17,2005,,,249,249,collision,6,1,,,0,collision,0,0,0,0,1,,1,1,,,0,F,,1.331506849,486,,,,2004-05,
11316,7-Apr-05,26-Aug-13,26-Aug-13,8,26,2013,,,3063,3063,collision,6,1,,,0,collision,0,0,0,0,1,,1,1,,,0,M,,9.369863014,3420,,,,2012-13,
11318,18-Nov-04,,29-Apr-05,4,29,2005,29-Apr-05,162,,162,fu,1,,,inactive,1,,0,0,0,0,0,,0,,1,1,0,M,1,,,379,,,2004-05,
11319,17-Nov-04,13-Dec-07,13-Dec-07,12,13,2007,,,1121,1121,poached,2,1,,,0,poached,1,0,0,0,0,gunshot,1,1,2,2,1,F,,3.663013699,1337,,,,2007-08,
11320,19-Nov-04,22-Apr-05,22-Apr-05,4,22,2005,,,154,154,poached,2,1,,,0,poached,1,0,0,0,0,gunshot,1,1,2,2,0,F,,1.019178082,372,,,,2004-05,
11321,17-Nov-04,30-Oct-07,30-Oct-07,10,30,2007,,,1077,1077,poached,2,1,,,0,poached,1,0,0,0,0,gunshot,1,1,2,2,1,M,,3.542465753,1293,,,,2007-08,
11322,17-Nov-04,8-Nov-05,8-Nov-05,11,8,2005,,,356,356,poached,2,1,,,0,poached,1,0,0,0,0,gunshot,1,1,2,2,1,F,,1.567123288,572,,,,2005-06,
11323,4-Nov-06,,16-Feb-09,2,16,2009,16-Feb-09,835,,835,fu,1,,,inactive,1,,0,0,0,0,0,,0,,1,1,0,F,2,,,1770,,,2008-09,
11326,7-Feb-05,,29-Dec-08,12,29,2008,29-Dec-08,1421,,1421,fu,1,,,inactive,1,,0,0,0,0,0,,0,,1,1,1,M,2,,,1721,,,2008-09,
11327,4-Feb-05,,15-Nov-05,11,15,2005,15-Nov-05,284,,284,fu,1,,,inactive,1,,0,0,0,0,0,,0,,1,1,1,M,0,,,581,,,2005-06,
11328,8-Feb-05,,20-Dec-05,12,20,2005,20-Dec-05,315,,315,fu,1,,,inactive,1,,0,0,0,0,0,,0,,1,1,1,F,0,,,616,,,2005-06,
11333,18-Jan-06,,27-May-15,5,27,2015,27-May-15,3416,,3416,fu,1,,,inactive,1,,0,0,0,0,0,,0,,1,1,0,M,0,,,4058,,,2014-15,
11334,3-Dec-04,17-Feb-05,17-Feb-05,2,17,2005,,,76,76,collision,6,1,,,0,collision,0,0,0,0,1,,1,1,,,0,M,,0.84109589,307,,,,2004-05,
11342,11-Mar-05,16-Oct-06,16-Oct-06,10,16,2006,,,584,584,poached,2,1,,,0,poached,1,0,0,0,0,gunshot,1,1,2,2,1,M,,2.490410959,909,,,,2006-07,
11356,28-Sep-05,7-Dec-05,7-Dec-05,12,7,2005,,,70,70,collision,6,1,,,0,collision,0,0,0,0,1,,1,1,,,1,F,,1.602739726,585,,,,2005-06,
11357,3-Dec-04,,1-Dec-13,12,1,2013,1-Dec-13,3285,,3285,fu,1,,,inactive,1,,0,0,0,0,0,,0,,1,1,1,F,0,,,3501,,,2013-14,
11358,17-Nov-04,5-Nov-10,5-Nov-10,11,5,2010,,,2179,2179,poached,2,1,,,0,poached,1,0,0,0,0,gunshot,1,1,2,2,1,F,,6.517808219,2379,,,,2010-11,
11373,10-Nov-04,,23-Oct-08,10,23,2008,23-Oct-08,1443,,1443,fu,1,,,inactive,1,,0,0,0,0,0,,0,,1,1,1,M,0,,,1636,,,2008-09,
11374,13-Nov-04,23-Oct-08,23-Oct-08,10,23,2008,,,1440,1440,poached,2,1,,,0,poached,1,0,0,0,0,gunshot,1,1,2,2,1,F,,4.482191781,1636,,,,2008-09,
11418,6-Jan-06,13-Nov-07,13-Nov-07,11,13,2007,,,676,676,poached,2,1,,,0,poached,1,0,0,0,0,gunshot,1,1,2,2,1,M,,2.569863014,938,,,,2007-08,
11419,23-Jan-06,22-Nov-10,22-Nov-10,11,22,2010,,,1764,1764,nonhuman,4,0,,,0,nonhuman,0,0,0,1,0,,1,1,,,1,F,,5.597260274,2043,,,,2010-11,
11421,13-Dec-05,30-Dec-09,30-Dec-09,12,30,2009,,,1478,1478,unknown,3,,,,0,unknown,0,1,0,0,0,,0,1,,1,1,M,,4.723287671,1724,,,,2009-10,
11424,6-Jun-05,,16-May-07,5,16,2007,16-May-07,709,,709,fu,1,,,inactive,1,,0,0,0,0,0,,0,,1,1,0,M,2,,,759,,,2006-07,
11425,29-Jan-06,1-Apr-07,1-Apr-07,4,1,2007,,,427,427,unknown,3,,,,0,unknown,0,1,0,0,0,,0,1,,1,0,F,,1.956164384,714,,,,2006-07,
11426,23-Jan-06,26-Oct-07,26-Oct-07,10,26,2007,,,641,641,poached,2,1,,,0,poached,1,0,0,0,0,foulplay,1,1,2,2,1,M,,2.526027397,922,,,,2007-8,
11427,6-Jun-05,,23-Mar-07,3,23,2007,23-Mar-07,655,,655,fu,1,,,inactive,1,,0,0,0,0,0,,0,,1,1,0,M,1,,,705,,,2006-07,
11428,6-Jun-05,30-Nov-06,30-Nov-06,11,30,2006,,,542,542,poached,2,1,,,0,poached,1,0,0,0,0,gunshot,1,1,2,2,1,F,,1.621917808,592,,,,2006-07,
11429,21-Jan-06,14-Nov-10,14-Nov-10,11,14,2010,,,1758,1758,poached,2,1,,,0,poached,1,0,0,0,0,gunshot,1,1,2,2,1,F,,5.580821918,2037,,,,2010-11,
11430,25-Jan-06,27-Aug-09,27-Aug-09,8,27,2009,,,1310,1310,unknown,3,,,,0,unknown,0,1,0,0,0,,0,1,,1,0,F,,4.364383562,1593,,,,2008-09,
11431,6-Jun-05,,7-Mar-07,3,7,2007,7-Mar-07,639,,639,fu,1,,,inactive,1,,0,0,0,0,0,,0,,1,1,0,M,1,,,689,,,2006-07,
11435,31-Jan-06,1-May-08,1-May-08,5,1,2008,,,821,821,nonhuman,4,0,,,0,nonhuman,0,0,0,1,0,,1,1,,,0,M,,3.043835616,1111,,,,2007-08,
11436,10-Dec-05,3-Dec-09,3-Dec-09,12,3,2009,,,1454,1454,poached,2,1,,,0,poached,1,0,0,0,0,gunshot,1,1,2,2,1,F,,4.61369863,1684,,,,2009-10,
11438,11-Dec-05,23-Jan-06,23-Jan-06,1,23,2006,,,43,43,poached,2,1,,,0,poached,1,0,0,0,0,poison,1,1,2,2,1,F,,0.750684932,274,,,,2005-6,
11439,11-Dec-05,,13-Apr-09,4,13,2009,13-Apr-09,1219,,1219,fu,1,,,inactive,1,,0,0,0,0,0,,0,,1,1,0,M,1,,,1450,,,2008-09,
11440,25-Jan-06,,10-Jul-13,7,10,2013,10-Jul-13,2723,,2723,fu,1,,,inactive,1,,0,0,0,0,0,,0,,1,1,0,F,0,,,2999,,,2012-13,
11441,10-Dec-05,26-Aug-06,26-Aug-06,8,26,2006,,,259,259,unknown,3,,,,0,unknown,0,1,0,0,0,,0,1,,1,0,F,,1.339726027,489,,,,2005-06,
11445,26-Oct-06,,26-Oct-07,10,26,2007,26-Oct-07,365,,365,fu,1,,,inactive,1,,0,0,0,0,0,,0,,1,1,1,F,1,,,915,,,2007-08,
11448,15-Feb-06,9-Nov-13,9-Nov-13,11,9,2013,,,2824,2824,poached,2,1,,,0,poached,1,0,0,0,0,gunshot,1,1,2,2,1,F,,8.550684932,3121,,,,2013-14,
11450,12-Jan-07,,14-Jun-07,6,14,2007,14-Jun-07,153,,153,fu,1,,,inactive,1,,0,0,0,0,0,,0,,1,1,0,F,0,,,787,,,2006-07,
11451,16-Jan-06,19-Apr-07,19-Apr-07,4,19,2007,,,458,458,nonhuman,4,0,,,0,nonhuman,0,0,0,1,0,,1,1,,,0,F,,2.002739726,731,,,,2006-07,
11452,11-Jan-06,24-Jan-14,24-Jan-14,1,24,2014,,,2935,2935,nonhuman,4,0,,,0,nonhuman,0,0,0,1,0,,1,1,,,1,M,,8.775342466,3203,,,,2013-14,
11453,19-Jan-07,23-Mar-07,23-Mar-07,3,23,2007,,,63,63,unknown,3,,,,0,unknown,0,1,0,0,0,,0,1,,1,0,F,,1.928767123,704,,,,2006-07,
11454,11-Jan-06,15-Apr-07,15-Apr-07,4,15,2007,,,459,459,poached,2,1,,,0,poached,1,0,0,0,0,gunshot,1,1,2,2,0,F,,1.991780822,727,,,,2006-7,
11455,16-Jan-06,25-Jul-06,25-Jul-06,7,25,2006,,,190,190,unknown,3,,,,0,unknown,0,1,0,0,0,,0,1,,1,0,F,,1.268493151,463,,,,2005-06,
11456,22-Dec-06,16-Nov-07,16-Nov-07,11,16,2007,,,329,329,poached,2,1,,,0,poached,1,0,0,0,0,gunshot,1,1,2,2,1,F,,2.580821918,942,,,,2007-08,
11458,29-Sep-05,26-Sep-14,26-Sep-14,9,26,2014,,,3284,3284,poached,2,1,,,0,poached,1,0,0,0,0,gunshot,1,1,2,2,1,M,,9.430136986,3442,,,,2013-14,
11461,15-Dec-06,12-Apr-08,12-Apr-08,4,12,2008,,,484,484,collision,6,1,,,0,collision,0,0,0,0,1,,1,1,,,0,M,,2.950684932,1077,,,,2007-08,
11462,4-Nov-06,7-Mar-07,7-Mar-07,3,7,2007,,,123,123,collision,6,1,,,0,collision,0,0,0,0,1,,1,1,,,0,M,,1.849315068,675,,,,2006-07,
11463,28-Oct-06,1-Nov-06,1-Nov-06,11,1,2006,,,4,4,collision,6,1,,,0,collision,0,0,0,0,1,,1,1,,,1,M,,1.504109589,549,,,,2006-07,
11466,2-Nov-06,15-Feb-07,15-Feb-07,2,15,2007,,,105,105,collision,6,1,,,0,collision,0,0,0,0,1,,1,1,,,0,F,,0.794520548,290,,,,2006-07,
11469,23-Mar-07,10-Dec-15,10-Dec-15,12,10,2015,,,3184,3184,poached,2,1,,,0,poached,1,0,0,0,0,foulplay,1,1,2,2,1,M,,9.616438356,3510,,,,2015-16,
11470,20-Dec-06,26-Jan-17,26-Jan-17,1,26,2017,,,3690,3690,poached,2,1,,,0,poached,1,0,0,0,0,poison,1,1,2,2,1,F,,10.74794521,3923,,,,2016-17,
11471,20-Dec-06,21-Apr-11,21-Apr-11,4,21,2011,,,1583,1583,poached,2,1,,,0,poached,1,0,0,0,0,poison,1,1,2,2,0,F,,4.975342466,1816,,,,2010-11,
11497,19-May-06,14-Aug-08,14-Aug-08,8,14,2008,,,818,818,poached,2,1,,,0,poached,1,0,0,0,0,poison,1,1,2,2,0,M,,2.328767123,850,,,,2007-08,
11498,14-Jan-07,1-Jan-08,1-Jan-08,1,1,2008,,,352,352,unknown,3,,,,0,unknown,0,1,0,0,0,,0,1,,1,1,M,,1.709589041,624,,,,2007-08,
11501,9-Feb-07,9-Jul-07,9-Jul-07,7,9,2007,,,150,150,poached,2,1,,,0,poached,1,0,0,0,0,gunshot,1,1,2,2,0,M,,1.22739726,448,,,,2006-07,
11502,13-Mar-08,,22-Jul-08,7,22,2008,22-Jul-08,131,,131,fu,1,,,inactive,1,,0,0,0,0,0,,0,,1,1,0,M,0,,,827,,,2007-08,
11504,15-Dec-07,,16-Feb-10,2,16,2010,16-Feb-10,794,,794,fu,1,,,inactive,1,,0,0,0,0,0,,0,,1,1,0,M,2,,,1401,,,2009-10,
11516,22-Feb-07,8-Aug-15,8-Aug-15,8,8,2015,,,3089,3089,poached,2,1,,,0,poached,1,0,0,0,0,gunshot,1,1,2,2,0,M,,9.312328767,3399,,,,2014-15,
11517,25-Oct-06,,8-Nov-08,11,8,2008,8-Nov-08,745,,745,fu,1,,,inactive,1,,0,0,0,0,0,,0,,1,1,1,F,1,,,935,,,2008-09,
11518,18-May-06,,13-Dec-07,12,13,2007,13-Dec-07,574,,574,fu,1,,,inactive,1,,0,0,0,0,0,,0,,1,1,1,F,1,,,604,,,2007-08,
11519,25-Jan-07,,24-Apr-13,4,24,2013,24-Apr-13,2281,,2281,fu,1,,,inactive,1,,0,0,0,0,0,,0,,1,1,0,M,2,,,2563,,,2012-13,
11521,19-Jan-07,,5-Nov-07,11,5,2007,5-Nov-07,290,,290,fu,1,,,inactive,1,,0,0,0,0,0,,0,,1,1,1,F,1,,,557,,,2007-08,
11522,30-Jan-07,10-Nov-07,10-Nov-07,11,10,2007,,,284,284,collision,6,1,,,0,collision,0,0,0,0,1,,1,1,,,1,F,,1.539726027,562,,,,2007-08,
11523,19-Jan-07,16-Oct-08,16-Oct-08,10,16,2008,,,636,636,collision,6,1,,,0,collision,0,0,0,0,1,,1,1,,,1,F,,2.473972603,903,,,,2008-09,
11530,3-Jan-07,16-Nov-07,16-Nov-07,11,16,2007,,,317,317,unknown,3,,,,0,unknown,0,1,0,0,0,,0,1,,1,1,M,,1.575342466,575,,,,2007-08,
11533,19-Dec-06,24-Sep-10,24-Sep-10,9,24,2010,,,1375,1375,unknown,3,,,,0,unknown,0,1,0,0,0,,0,1,,1,1,M,,4.438356164,1620,,,,2009-10,
11539,14-Aug-09,,28-Oct-14,10,28,2014,28-Oct-14,1901,,1901,fu,1,,,inactive,1,,0,0,0,0,0,,0,,1,1,1,F,0,,,3114,,,2014-15,
11540,12-Jan-07,23-Apr-11,23-Apr-11,4,23,2011,,,1562,1562,nonhuman,4,0,,,0,nonhuman,0,0,0,1,0,,1,1,,,0,M,,5.01369863,1830,,,,2010-11,
11541,16-Jan-07,18-Dec-09,18-Dec-09,12,18,2009,,,1067,1067,poached,2,1,,,0,poached,1,0,0,0,0,gunshot,1,1,2,2,1,F,,3.671232877,1340,,,,2009-10,
11544,23-Jun-07,4-May-11,4-May-11,5,4,2011,,,1411,1411,unknown,3,,,,0,unknown,0,1,0,0,0,,0,1,,1,0,M,,5.043835616,1841,,,,2010-11,
11547,1-Nov-06,17-Nov-16,17-Nov-16,11,17,2016,,,3669,3669,nonhuman,4,0,,,0,nonhuman,0,0,0,1,0,,1,1,,,1,M,,11.55616438,4218,,,,2016-17,
11548,22-Jan-08,22-May-08,22-May-08,5,22,2008,,,121,121,poached,2,1,,,0,poached,1,0,0,0,0,gunshot,1,1,2,2,0,M,,2.060273973,752,,,,2007-8,
11549,12-Feb-08,10-Nov-08,10-Nov-08,11,10,2008,,,272,272,poached,2,1,,,0,poached,1,0,0,0,0,gunshot,1,1,2,2,1,M,,2.531506849,924,,,,2008-09,
11552,16-Apr-00,4-May-02,4-May-02,5,4,2002,,,748,748,legal,5,1,,,0,legal,0,0,1,0,0,,1,1,,,0,F,,unknown,,,,,2001-02,
11558,23-Jun-99,28-Feb-00,28-Feb-00,2,28,2000,,,250,250,poached,2,1,,,0,poached,1,0,0,0,0,gunshot,1,1,2,2,0,M,,1.830136986,668,,,,1999-00,
11559,31-Jan-07,,22-Apr-07,4,22,2007,22-Apr-07,81,,81,fu,1,,,inactive,1,,0,0,0,0,0,,0,,1,1,0,F,1,,,,,,2006-07,
11577,9-Feb-09,19-Dec-16,19-Dec-16,12,19,2016,,,2870,2870,poached,2,1,,,0,poached,1,0,0,0,0,gunshot,1,1,2,2,1,F,,9.687671233,3536,,,,2016-17,
11579,6-Jan-09,19-Aug-09,19-Aug-09,8,19,2009,,,225,225,poached,2,1,,,0,poached,1,0,0,0,0,foulplay,1,1,2,2,0,F,,2.347945205,857,,,,2008-09,
11620,21-May-07,5-Mar-17,5-Mar-17,3,5,2017,,,3576,3576,poached,2,1,,,0,poached,1,0,0,0,0,gunshot,1,1,2,2,0,M,,9.904109589,3615,,,,2016-17,
11621,21-May-07,,12-Jan-12,1,12,2012,12-Jan-12,1697,,1697,fu,1,,,inactive,1,,0,0,0,0,0,,0,,1,1,1,M,2,,,1736,,,2011-12,
11624,21-May-07,,27-Nov-07,11,27,2007,27-Nov-07,190,,190,fu,1,,,inactive,1,,0,0,0,0,0,,0,,1,1,1,F,1,,,231,,,2007-08,
11626,21-May-07,,22-Jul-08,7,22,2008,22-Jul-08,428,,428,fu,1,,,inactive,1,,0,0,0,0,0,,0,,1,1,0,M,0,,,469,,,2007-08,
11628,23-May-07,25-Nov-12,25-Nov-12,11,25,2012,,,2013,2013,poached,2,1,,,0,poached,1,0,0,0,0,gunshot,1,1,2,2,1,M,,5.62739726,2054,,,,2012-13,
11629,23-May-07,20-Oct-11,20-Oct-11,10,20,2011,,,1611,1611,poached,2,1,,,0,poached,1,0,0,0,0,gunshot,1,1,2,2,1,M,,4.526027397,1652,,,,2011-12,
11630,23-May-07,23-Dec-11,23-Dec-11,12,23,2011,,,1675,1675,poached,2,1,,,0,poached,1,0,0,0,0,gunshot,1,1,2,2,1,F,,4.701369863,1716,,,,2011-12,
11633,31-May-07,,19-Oct-10,10,19,2010,19-Oct-10,1237,,1237,fu,1,,,inactive,1,,0,0,0,0,0,,0,,1,1,1,F,2,,,1278,,,2010-11,
11635,20-Jan-09,1-Sep-09,1-Sep-09,9,1,2009,,,224,224,nonhuman,4,0,,,0,nonhuman,0,0,0,1,0,,1,1,,,0,M,,2.375342466,867,,,,2008-09,
11643,16-Feb-08,14-Jul-09,14-Jul-09,7,14,2009,,,514,514,unknown,3,,,,0,unknown,0,1,0,0,0,,0,1,,1,0,M,,2.221917808,811,,,,2008-09,
11644,21-Feb-08,,24-Aug-08,8,24,2008,24-Aug-08,185,,185,fu,1,,,inactive,1,,0,0,0,0,0,,0,,1,1,0,M,2,,,487,,,2008-09,
11645,14-Feb-08,19-Jun-08,19-Jun-08,6,19,2008,,,126,126,unknown,3,,,,0,unknown,0,1,0,0,0,,0,1,,1,0,M,,1.153424658,421,,,,2007-08,
11650,9-Feb-08,27-Feb-09,27-Feb-09,2,27,2009,,,384,384,collision,6,1,,,0,collision,0,0,0,0,1,,1,1,,,0,M,,1.854794521,677,,,,2008-09,
11657,2-Apr-09,14-Nov-12,14-Nov-12,11,14,2012,,,1322,1322,poached,2,1,,,0,poached,1,0,0,0,0,gunshot,1,1,2,2,1,M,,5.545205479,2024,,,,2012-13,
11658,4-Aug-08,16-Aug-08,16-Aug-08,8,16,2008,,,12,12,collision,6,1,,,0,collision,0,0,0,0,1,,1,1,,,0,F,,1.295890411,473,,,,2007-08,
11660,10-Jan-09,4-Oct-10,4-Oct-10,10,4,2010,,,632,632,poached,2,1,,,0,poached,1,0,0,0,0,gunshot,1,1,2,2,1,F,,2.504109589,914,,,,2010-11,
11661,10-Jan-09,22-Oct-11,22-Oct-11,10,22,2011,,,1015,1015,poached,2,1,,,0,poached,1,0,0,0,0,gunshot,1,1,2,2,1,M,,3.553424658,1297,,,,2011-12,
11662,9-Jan-09,29-May-15,29-May-15,5,29,2015,,,2331,2331,poached,2,1,,,0,poached,1,0,0,0,0,foulplay,1,1,2,2,0,F,,7.156164384,2612,,,,2014-15,
11663,20-Jan-10,13-Nov-10,13-Nov-10,11,13,2010,,,297,297,nonhuman,4,0,,,0,nonhuman,0,0,0,1,0,,1,1,,,1,M,,2.61369863,954,,,,2010-11,
11668,24-Sep-08,1-Jun-09,1-Jun-09,6,1,2009,,,250,250,unknown,3,,,,0,unknown,0,1,0,0,0,,0,1,,1,0,F,,1.131506849,413,,,,2008-09,
11669,24-Sep-08,7-Nov-08,7-Nov-08,11,7,2008,,,44,44,poached,2,1,,,0,poached,1,0,0,0,0,gunshot,1,1,2,2,1,M,,0.567123288,207,,,,2008-09,
11670,24-Sep-08,18-Oct-08,18-Oct-08,10,18,2008,,,24,24,poached,2,1,,,0,poached,1,0,0,0,0,gunshot,1,1,2,2,1,F,,0.512328767,187,,,,2008-09,
11671,29-Oct-09,12-Jul-11,12-Jul-11,7,12,2011,,,621,621,unknown,3,,,,0,unknown,0,1,0,0,0,,0,1,,1,0,F,,3.243835616,1184,,,,2010-11,
11672,20-Jun-10,,22-Jun-15,6,22,2015,22-Jun-15,1828,,1828,fu,1,,,inactive,1,,0,0,0,0,0,,0,,1,1,0,M,0,,,2625,,,2014-15,
11678,12-Dec-08,1-Sep-16,1-Sep-16,9,1,2016,,,2820,2820,unknown,3,,,,0,unknown,0,1,0,0,0,,0,1,,1,0,F,,8.38630137,3061,,,,2015-16,
11679,11-Dec-08,9-Jan-09,9-Jan-09,1,9,2009,,,29,29,unknown,3,,,,0,unknown,0,1,0,0,0,,0,1,,1,1,F,,0.736986301,269,,,,2008-09,
11680,10-Dec-08,12-Feb-14,12-Feb-14,2,12,2014,,,1890,1890,poached,2,1,,,0,poached,1,0,0,0,0,poison,1,1,2,2,0,F,,5.832876712,2129,,,,2013-14,
11681,16-Dec-08,,2-Oct-09,10,2,2009,2-Oct-09,290,,290,fu,1,,,inactive,1,,0,0,0,0,0,,0,,1,1,1,M,1,,,535,,,2009-10,
11682,11-Dec-08,18-Feb-12,18-Feb-12,2,18,2012,,,1164,1164,collision,6,1,,,0,collision,0,0,0,0,1,,1,1,,,0,M,,3.846575342,1404,,,,2011-12,
11683,15-Jan-09,3-Mar-15,3-Mar-15,3,3,2015,,,2238,2238,poached,2,1,,,0,poached,1,0,0,0,0,poison,1,1,2,2,0,M,,6.882191781,2512,,,,2014-15,
11684,14-Jan-09,1-Feb-15,1-Feb-15,2,1,2015,,,2209,2209,unknown,3,,,,0,unknown,0,1,0,0,0,,0,1,,1,0,M,,6.8,2482,,,,2014-15,
11685,14-Jan-09,6-Nov-13,6-Nov-13,11,6,2013,,,1757,1757,poached,2,1,,,0,poached,1,0,0,0,0,foulplay,1,1,2,2,1,F,,5.561643836,2030,,,,2013-14,
11686,23-Dec-09,1-Nov-15,1-Nov-15,11,1,2015,,,2139,2139,unknown,3,,,,0,unknown,0,1,0,0,0,,0,1,,1,1,F,,7.545205479,2754,,,,2015-16,
11692,6-Jan-09,,23-May-09,5,23,2009,23-May-09,137,,137,fu,1,,,inactive,1,,0,0,0,0,0,,0,,1,1,0,F,1,,,400,,,2008-09,
11693,6-Jan-09,2-Dec-13,2-Dec-13,12,2,2013,,,1791,1791,poached,2,1,,,0,poached,1,0,0,0,0,gunshot,1,1,2,2,1,F,,5.62739726,2054,,,,2013-14,
11694,6-Jan-09,,21-Jan-10,1,21,2010,21-Jan-10,380,,380,fu,1,,,inactive,1,,0,0,0,0,0,,0,,1,1,1,M,0,,,643,,,2009-10,
11695,12-Jan-09,1-Feb-09,1-Feb-09,2,1,2009,,,20,20,unknown,3,,,,0,unknown,0,1,0,0,0,,0,1,,1,0,M,,0.791780822,289,,,,2008-09,
11696,13-Jan-09,30-Oct-09,30-Oct-09,10,30,2009,,,290,290,poached,2,1,,,0,poached,1,0,0,0,0,gunshot,1,1,2,2,1,F,,1.534246575,560,,,,2009-10,
11697,13-Jan-09,23-Oct-09,23-Oct-09,10,23,2009,,,283,283,poached,2,1,,,0,poached,1,0,0,0,0,foulplay,1,1,2,2,1,F,,1.515068493,553,,,,2009-10,
11698,6-Jan-09,15-Dec-12,15-Dec-12,12,15,2012,,,1439,1439,poached,2,1,,,0,poached,1,0,0,0,0,gunshot,1,1,2,2,1,M,,4.663013699,1702,,,,2012-13,
11703,25-Jan-09,15-Nov-12,15-Nov-12,11,15,2012,,,1390,1390,poached,2,1,,,0,poached,1,0,0,0,0,gunshot,1,1,2,2,1,M,,4.564383562,1666,,,,2012-13,
11705,19-Jan-09,5-May-15,5-May-15,5,5,2015,,,2297,2297,unknown,3,,,,0,unknown,0,1,0,0,0,,0,1,,1,0,M,,7.032876712,2567,,,,2014-15,
11706,30-Jan-09,7-Oct-17,7-Oct-17,10,7,2017,,,3172,3172,poached,2,1,,,0,poached,1,0,0,0,0,gunshot,1,1,2,2,1,F,,9.460273973,3453,,,,2017-18,
11707,12-Mar-09,22-Apr-09,22-Apr-09,4,22,2009,,,41,41,unknown,3,,,,0,unknown,0,1,0,0,0,,0,1,,1,0,F,,1.010958904,369,,,,2008-09,
11708,12-Mar-09,8-Nov-12,8-Nov-12,11,8,2012,,,1337,1337,nonhuman,4,0,,,0,nonhuman,0,0,0,1,0,,1,1,,,1,F,,4.561643836,1665,,,,2012-13,
11725,17-May-09,10-Feb-13,10-Feb-13,2,10,2013,,,1365,1365,collision,6,1,,,0,collision,0,0,0,0,1,,1,1,,,0,F,,5.78630137,2112,,,,2012-13,
11726,2-Apr-09,24-Apr-10,24-Apr-10,4,24,2010,,,387,387,nonhuman,4,0,,,0,nonhuman,0,0,0,1,0,,1,1,,,0,M,,1.980821918,723,,,,2009-10,
11727,13-Apr-09,22-Sep-14,22-Sep-14,9,22,2014,,,1988,1988,nonhuman,4,0,,,0,nonhuman,0,0,0,1,0,,1,1,,,1,M,,6.397260274,2335,,,,2013-14,
11728,2-Apr-09,1-Nov-09,1-Nov-09,11,1,2009,,,213,213,poached,2,1,,,0,poached,1,0,0,0,0,gunshot,1,1,2,2,1,M,,1.504109589,549,,,,2009-10,
11730,16-Jan-09,15-May-09,15-May-09,5,15,2009,,,119,119,unknown,3,,,,0,unknown,0,1,0,0,0,,0,1,,1,0,F,,UNKOWN,,,,,2008-09,
11741,3-Jan-10,13-Dec-14,13-Dec-14,12,13,2014,,,1805,1805,poached,2,1,,,0,poached,1,0,0,0,0,gunshot,1,1,2,2,1,F,,5.64109589,2059,,,,2014-15,
11745,20-Jan-10,24-Apr-10,24-Apr-10,4,24,2010,,,94,94,collision,6,1,,,0,collision,0,0,0,0,1,,1,1,,,0,M,,1.04109589,380,,,,2009-10,
11746,18-May-11,9-Nov-11,9-Nov-11,11,9,2011,,,175,175,poached,2,1,,,0,poached,1,0,0,0,0,gunshot,1,1,2,2,1,F,,2.57260274,939,,,,2011-12,
11747,7-Mar-11,,28-Dec-19,12,28,2019,28-Dec-19,3218,,3218,fu,1,,,inactive,1,,0,0,0,0,0,,0,,1,1,1,M,,,,3910,,,2019-20,
11748,17-Mar-10,14-Jun-11,14-Jun-11,6,14,2011,,,454,454,collision,6,1,,,0,collision,0,0,0,0,1,,1,1,,,0,M,,2.167123288,791,,,,2010-11,
11749,17-Jan-10,,18-Nov-12,11,18,2012,18-Nov-12,1036,,1036,fu,1,,,inactive,1,,0,0,0,0,0,,0,,1,1,1,M,0,,,1314,,,2012-13,
11750,22-Jan-10,3-Oct-14,3-Oct-14,10,3,2014,,,1715,1715,legal,5,1,,,0,legal,0,0,1,0,0,,1,1,,,1,M,,5.473972603,1998,,,,2014-15,
11754,17-Mar-10,18-Oct-10,18-Oct-10,10,18,2010,,,215,215,poached,2,1,,,0,poached,1,0,0,0,0,gunshot,1,1,2,2,1,F,,1.476712329,539,,,,2010-11,
11755,12-Nov-09,28-Jul-11,28-Jul-11,7,28,2011,,,623,623,unknown,3,,,,0,unknown,0,1,0,0,0,,0,1,,1,0,M,,2.252054795,822,,,,2010-11,
11756,19-Apr-10,17-Jun-10,17-Jun-10,6,17,2010,,,59,59,unknown,3,,,,0,unknown,0,1,0,0,0,,0,1,,1,0,M,,1.139726027,416,,,,2009-10,
11757,1-Mar-10,,28-Apr-10,4,28,2010,28-Apr-10,58,,58,fu,1,,,inactive,1,,0,0,0,0,0,,0,,1,1,0,M,0,,,366,,,2009-10,
11758,3-Jan-10,15-Feb-10,15-Feb-10,2,15,2010,,,43,43,poached,2,1,,,0,poached,1,0,0,0,0,gunshot,1,1,2,2,0,F,,0.835616438,305,,,,2009-10,
11760,3-Jan-10,,28-Oct-14,10,28,2014,28-Oct-14,1759,,1759,fu,1,,,inactive,1,,0,0,0,0,0,,0,,1,1,1,M,0,,,2021,,,2014-15,
11761,3-Jan-10,,8-Nov-11,11,8,2011,8-Nov-11,674,,674,fu,1,,,inactive,1,,0,0,0,0,0,,0,,1,1,1,M,0,,,936,,,2011-12,
11766,1-Mar-10,17-Jan-13,17-Jan-13,1,17,2013,,,1053,1053,poached,2,1,,,0,poached,1,0,0,0,0,gunshot,1,1,2,2,1,M,,3.747945205,1368,,,,2012-13,
11768,1-Mar-10,17-Jun-15,17-Jun-15,6,17,2015,,,1934,1934,poached,2,1,,,0,poached,1,0,0,0,0,gunshot,1,1,2,2,0,F,,6.161643836,2249,,,,2014-15,
11772,18-Dec-09,19-Dec-12,19-Dec-12,12,19,2012,,,1097,1097,poached,2,1,,,0,poached,1,0,0,0,0,gunshot,1,1,2,2,1,F,,3.668493151,1339,,,,2012-13,
11774,3-Jan-10,15-Aug-13,15-Aug-13,8,15,2013,,,1320,1320,poached,2,1,,,0,poached,1,0,0,0,0,gunshot,1,1,2,2,0,M,,4.323287671,1578,,,,2012-13,
11777,17-Jan-10,,2-Apr-10,4,2,2010,2-Apr-10,75,,75,fu,1,,,inactive,1,,0,0,0,0,0,,0,,1,1,0,M,1,,,346,,,2009-10,
11778,18-Jan-10,11-Oct-12,11-Oct-12,10,11,2012,,,997,997,unknown,3,,,,0,unknown,0,1,0,0,0,,0,1,,1,1,F,,3.476712329,1269,,,,2012-13,
11779,28-Feb-10,26-Apr-18,26-Apr-18,4,26,2018,,,2979,2979,unknown,3,,,,0,unknown,0,1,0,0,0,,0,1,,1,0,F,,9.016438356,3291,,,,2017-18,
11780,5-Dec-09,20-May-11,20-May-11,5,20,2011,,,531,531,collision,6,1,,,0,collision,0,0,0,0,1,,1,1,,,0,M,,2.076712329,758,,,,2010-11,
11781,5-Dec-09,,1-Nov-16,11,1,2016,1-Nov-16,2523,,2523,fu,1,,,inactive,1,,0,0,0,0,0,,0,,1,1,1,M,0,,,2750,,,2016-17,
11810,12-Dec-10,15-Nov-11,15-Nov-11,11,15,2011,,,338,338,poached,2,1,,,0,poached,1,0,0,0,0,gunshot,1,1,2,2,1,M,,1.542465753,563,,,,2011-12,
11812,24-Feb-11,27-Oct-16,27-Oct-16,10,27,2016,,,2072,2072,poached,2,1,,,0,poached,1,0,0,0,0,gunshot,1,1,2,2,1,F,,6.536986301,2386,,,,2016-17,
11814,31-Mar-11,14-Nov-11,14-Nov-11,11,14,2011,,,228,228,poached,2,1,,,0,poached,1,0,0,0,0,gunshot,1,1,2,2,1,M,,1.589041096,580,,,,2011-12,
11816,18-Jan-11,10-Oct-12,10-Oct-12,10,10,2012,,,631,631,poached,2,1,,,0,poached,1,0,0,0,0,gunshot,1,1,2,2,1,F,,2.495890411,911,,,,2012-13,
11817,23-Feb-11,12-Oct-12,12-Oct-12,10,12,2012,,,597,597,poached,2,1,,,0,poached,1,0,0,0,0,gunshot,1,1,2,2,1,F,,2.495890411,911,,,,2012-13,
11819,25-Jan-12,11-May-16,11-May-16,5,11,2016,,,1568,1568,unknown,3,,,,0,unknown,0,1,0,0,0,,0,1,,1,0,F,,6.076712329,2218,,,,2015-16,
11822,7-Mar-11,,15-Oct-11,10,15,2011,15-Oct-11,222,,222,fu,1,,,inactive,1,,0,0,0,0,0,,0,,1,1,1,F,1,,,543,,,2011-12,
11826,7-Mar-11,10-Jan-13,10-Jan-13,1,10,2013,,,675,675,poached,2,1,,,0,poached,1,0,0,0,0,gunshot,1,1,2,2,1,F,,2.728767123,996,,,,2012-13,
11833,24-Nov-10,14-Dec-11,14-Dec-11,12,14,2011,,,385,385,poached,2,1,,,0,poached,1,0,0,0,0,gunshot,1,1,2,2,1,M,,1.663013699,607,,,,2011-12,
11834,24-Nov-10,30-Aug-13,30-Aug-13,8,30,2013,,,1010,1010,collision,6,1,,,0,collision,0,0,0,0,1,,1,1,,,0,F,,3.375342466,1232,,,,2012-13,
11835,24-Nov-10,10-Mar-19,10-Mar-19,3,10,2019,,,3028,3028,nonhuman,4,0,,,0,nonhuman,0,0,0,1,0,,1,1,,,0,M,,8.904109589,3250,,,,2018-19,
11837,19-Jan-11,28-Feb-16,28-Feb-16,2,28,2016,,,1866,1866,unknown,3,,,,0,unknown,0,1,0,0,0,,0,1,,1,0,F,,5.879452055,2146,,,,2015-16,
11838,18-Jan-11,16-Nov-13,16-Nov-13,11,16,2013,,,1033,1033,poached,2,1,,,0,poached,1,0,0,0,0,gunshot,1,1,2,2,1,M,,3.594520548,1312,,,,2013-14,
11839,18-Jan-11,,23-Oct-12,10,23,2012,23-Oct-12,644,,644,fu,1,,,inactive,1,,0,0,0,0,0,,0,,1,1,1,M,0,,,923,,,2012-13,
11840,18-Jan-11,,8-Mar-11,3,8,2011,8-Mar-11,49,,49,fu,1,,,inactive,1,,0,0,0,0,0,,0,,1,1,0,M,1,,,328,,,2010-11,
11841,19-Jan-11,,21-Jan-14,1,21,2014,21-Jan-14,1098,,1098,fu,1,,,inactive,1,,0,0,0,0,0,,0,,1,1,1,M,0,,,1378,,,2013-14,
11842,18-Jan-12,3-Sep-12,3-Sep-12,9,3,2012,,,229,229,poached,2,1,,,0,poached,1,0,0,0,0,gunshot,1,1,2,2,0,F,,2.391780822,873,,,,2011-12,
11845,13-Jan-11,12-Sep-11,12-Sep-11,9,12,2011,,,242,242,unknown,3,,,,0,unknown,0,1,0,0,0,,0,1,,1,0,F,,1.389041096,507,,,,2010-11,
11846,13-Jan-11,29-Dec-11,29-Dec-11,12,29,2011,,,350,350,legal,5,1,,,0,legal,0,0,1,0,0,,1,1,,,1,F,,1.684931507,615,,,,2011-12,
11848,13-Jan-11,29-Nov-17,29-Nov-17,11,29,2017,,,2512,2512,poached,2,1,,,0,poached,1,0,0,0,0,gunshot,1,1,2,2,1,M,,7.608219178,2777,,,,2017-18,
11850,6-Jan-11,3-Jan-14,3-Jan-14,1,3,2014,,,1093,1093,poached,2,1,,,0,poached,1,0,0,0,0,gunshot,1,1,2,2,1,M,,3.679452055,1343,,,,2013-14,
11851,6-Jan-11,6-Jun-18,6-Jun-18,6,6,2018,,,2708,2708,unknown,3,,,,0,unknown,0,1,0,0,0,,0,1,,1,0,M,,8.104109589,2958,,,,2017-18,
11852,25-Jan-11,5-May-11,5-May-11,5,5,2011,,,100,100,collision,6,1,,,0,collision,0,0,0,0,1,,1,1,,,0,F,,1.010958904,369,,,,2010-11,
11870,25-Jan-12,1-Nov-15,1-Nov-15,11,1,2015,,,1376,1376,unknown,3,,,,0,unknown,0,1,0,0,0,,0,1,,1,1,F,,4.55890411,1664,,,,2015-16,
11872,6-Jan-13,5-Jun-19,5-Jun-19,6,5,2019,,,2341,2341,unknown,3,,,,0,unknown,0,1,0,0,0,,0,1,,1,0,M,,8.153424658,2976,,,,2018-19,
11873,12-Feb-12,28-Dec-12,28-Dec-12,12,28,2012,,,320,320,unknown,3,,,,0,unknown,0,1,0,0,0,,0,1,,1,1,M,,1.720547945,628,,,,2012-13,
11874,12-Feb-12,,28-Aug-12,8,28,2012,28-Aug-12,198,,198,fu,1,,,inactive,1,,0,0,0,0,0,,0,,1,1,0,M,0,,,506,,,2011-12,
11879,12-Feb-12,18-Nov-13,18-Nov-13,11,18,2013,,,645,645,poached,2,1,,,0,poached,1,0,0,0,0,gunshot,1,1,2,2,1,M,,2.58630137,944,,,,2013-14,
11885,20-Feb-12,14-Jan-15,14-Jan-15,1,14,2015,,,1059,1059,poached,2,1,,,0,poached,1,0,0,0,0,trap,1,1,2,2,1,M,,3.742465753,1366,,,,2014-15,
11886,20-Feb-12,5-Dec-14,5-Dec-14,12,5,2014,,,1019,1019,poached,2,1,,,0,poached,1,0,0,0,0,poison,1,1,2,2,1,M,,3.632876712,1326,,,,2014-15,
11887,20-Feb-12,26-Oct-15,26-Oct-15,10,26,2015,,,1344,1344,poached,2,1,,,0,poached,1,0,0,0,0,gunshot,1,1,2,2,1,F,,4.523287671,1651,,,,2015-16,
11888,16-Jan-12,20-Jun-12,20-Jun-12,6,20,2012,,,156,156,poached,2,1,,,0,poached,1,0,0,0,0,foulplay,1,1,2,2,0,F,,1.169863014,427,,,,2011-12,
11890,16-Jan-12,,6-Apr-12,4,6,2012,6-Apr-12,81,,81,fu,1,,,inactive,1,,0,0,0,0,0,,0,,1,1,0,M,1,,,352,,,2011-12,
11891,22-Jan-12,16-Jan-13,16-Jan-13,1,16,2013,,,360,360,poached,2,1,,,0,poached,1,0,0,0,0,poison,1,1,2,2,1,F,,1.745205479,637,,,,2012-13,
11892,16-Jan-12,,9-Apr-12,4,9,2012,9-Apr-12,84,,84,fu,1,,,inactive,1,,0,0,0,0,0,,0,,1,1,0,M,1,,,355,,,2011-12,
11901,28-Jan-12,7-May-12,7-May-12,5,7,2012,,,100,100,unknown,3,,,,0,unknown,0,1,0,0,0,,0,1,,1,0,F,,1.052054795,384,,,,2011-12,
11902,9-Feb-12,11-Mar-14,11-Mar-14,3,11,2014,,,761,761,poached,2,1,,,0,poached,1,0,0,0,0,gunshot,1,1,2,2,0,M,,2.895890411,1057,,,,2013-14,
11905,8-Feb-12,27-Oct-12,27-Oct-12,10,27,2012,,,262,262,unknown,3,,,,0,unknown,0,1,0,0,0,,0,1,,1,1,F,,1.526027397,557,,,,2012-13,
11906,14-Feb-12,,18-Oct-17,10,18,2017,18-Oct-17,2073,,2073,fu,1,,,inactive,1,,0,0,0,0,0,,0,,1,1,1,F,0,,,2374,,,2017-18,
11907,3-Feb-12,27-Oct-13,27-Oct-13,10,27,2013,,,632,632,poached,2,1,,,0,poached,1,0,0,0,0,gunshot,1,1,2,2,1,M,,2.526027397,922,,,,2013-14,
11951,26-Feb-13,16-Mar-15,16-Mar-15,3,16,2015,,,748,748,unknown,3,,,,0,unknown,0,1,0,0,0,,0,1,,1,0,M,,2.928767123,1069,,,,2014-15,
11952,22-Mar-13,8-Sep-15,8-Sep-15,9,8,2015,,,900,900,poached,2,1,,,0,poached,1,0,0,0,0,gunshot,1,1,2,2,0,M,,3.410958904,1245,,,,2014-15,
11953,26-Feb-13,18-May-18,18-May-18,5,18,2018,,,1907,1907,collision,6,1,,,0,collision,0,0,0,0,1,,1,1,,,0,F,,6.104109589,2228,,,,2017-18,
11954,7-Feb-13,18-Jun-15,18-Jun-15,6,18,2015,,,861,861,poached,2,1,,,0,poached,1,0,0,0,0,gunshot,1,1,2,2,0,M,,3.18630137,1163,,,,2014-15,
11958,28-Feb-13,12-Oct-19,12-Oct-19,10,12,2019,,,2417,2417,poached,2,1,,,0,poached,1,0,0,0,0,gunshot,1,1,2,2,1,M,,7.506849315,2740,,,,2019-20,
11959,6-Jan-13,23-Apr-16,23-Apr-16,4,23,2016,,,1203,1203,unknown,3,,,,0,unknown,0,1,0,0,0,,0,1,,1,0,M,,4.030136986,1471,,,,2015-16,
11963,3-Dec-12,,1-Mar-20,3,1,2020,1-Mar-20,2645,,2645,fu,1,,,inactive,1,,0,0,0,0,0,,0,,1,1,0,M,,,,2879,,,2019-20,
11966,27-Dec-12,4-Sep-16,4-Sep-16,9,4,2016,,,1347,1347,collision,6,1,,,0,collision,0,0,0,0,1,,1,1,,,0,F,,4.397260274,1605,,,,2015-16,
11967,6-Dec-12,1-Jul-13,1-Jul-13,7,1,2013,,,207,207,poached,2,1,,,0,poached,1,0,0,0,0,gunshot,1,1,2,2,0,M,,1.216438356,444,,,,2012-13,
11985,16-Jan-13,8-Dec-19,8-Dec-19,12,8,2019,,,2517,2517,poached,2,1,,,0,poached,1,0,0,0,0,foulplay,1,1,2,2,1,F,,7.638356164,2788,,,,2019-20,
11993,25-Jun-14,30-Jun-14,30-Jun-14,6,30,2014,,,5,5,unknown,3,,,,0,unknown,0,1,0,0,0,,0,1,,1,0,F,,1.191780822,435,,,,2013-14,
12017,6-Jan-14,2-Jan-18,2-Jan-18,1,2,2018,,,1457,1457,collision,6,1,,,0,collision,0,0,0,0,1,,1,1,,,1,F,,4.723287671,1724,,,,2017-18,
12019,10-Feb-14,8-Nov-16,8-Nov-16,11,8,2016,,,1002,1002,poached,2,1,,,0,poached,1,0,0,0,0,gunshot,1,1,2,2,1,F,,3.564383562,1301,,,,2016-17,
12022,17-Feb-14,25-Dec-15,25-Dec-15,12,25,2015,,,676,676,unknown,3,,,,0,unknown,0,1,0,0,0,,0,1,,1,1,M,,2.690410959,982,,,,2015-16,
12024,31-Dec-13,14-Aug-14,14-Aug-14,8,14,2014,,,226,226,collision,6,1,,,0,collision,0,0,0,0,1,,1,1,,,0,F,,1.317808219,481,,,,2013-14,
12025,4-Feb-14,31-Oct-15,31-Oct-15,10,31,2015,,,634,634,poached,2,1,,,0,poached,1,0,0,0,0,gunshot,1,1,2,2,1,M,,2.534246575,925,,,,2015-16,
12026,4-Feb-14,17-Jun-14,17-Jun-14,6,17,2014,,,133,133,collision,6,1,,,0,collision,0,0,0,0,1,,1,1,,,0,M,,1.161643836,424,,,,2013-14,
12028,4-Feb-14,27-May-17,27-May-17,5,27,2017,,,1208,1208,unknown,3,,,,0,unknown,0,1,0,0,0,,0,1,,1,0,M,,4.106849315,1499,,,,2016-17,
12030,4-Feb-14,,1-Oct-16,10,1,2016,1-Oct-16,970,,970,fu,1,,,inactive,1,,0,0,0,0,0,,0,,1,1,1,F,0,,,1261,,,2016-17,
12035,3-Dec-13,,20-Mar-14,3,20,2014,20-Mar-14,107,,107,fu,1,,,inactive,1,,0,0,0,0,0,,0,,1,1,0,F,0,,,333,,,2013-14,
12042,13-Feb-15,8-Aug-16,8-Aug-16,8,8,2016,,,542,542,collision,6,1,,,0,collision,0,0,0,0,1,,1,1,,,0,F,,3.295890411,1203,,,,2015-16,
12043,13-Feb-15,,9-Mar-17,3,9,2017,9-Mar-17,755,,755,fu,1,,,inactive,1,,0,0,0,0,0,,0,,1,1,0,F,0,,,1416,,,2016-17,
12085,7-Nov-14,24-Jan-15,24-Jan-15,1,24,2015,,,78,78,poached,2,1,,,0,poached,1,0,0,0,0,trap,1,1,2,2,1,F,,0.783561644,286,,,,2014-15,
12129,1-May-17,17-Nov-17,17-Nov-17,11,17,2017,,,200,200,collision,6,1,,,0,collision,0,0,0,0,1,,1,1,,,1,M,,2.550684932,931,,,,2017-18,
12182,17-Feb-18,2-Jan-19,2-Jan-19,1,2,2019,,,319,319,collision,6,1,,,0,collision,0,0,0,0,1,,1,1,,,1,F,,2.736986301,999,,,,2018-19,
12194,4-Feb-17,21-Apr-19,21-Apr-19,4,21,2019,,,806,806,collision,6,1,,,0,collision,0,0,0,0,1,,1,1,,,0,F,,unknown,,,,,2018-19,
12196,2-Feb-17,11-Feb-17,11-Feb-17,2,11,2017,,,9,9,poached,2,1,,,0,poached,1,0,0,0,0,gunshot,1,1,2,2,0,M,,UNKNOWN,,,,,2016-17,
12226,28-Jan-18,7-Aug-20,7-Aug-20,8,7,2020,,,922,922,poached,2,1,,,0,poached,1,0,0,0,0,gunshot,1,1,2,2,0,F,,3.306849315,1207,,,,2019-20,
12227,19-Feb-18,8-Jul-18,8-Jul-18,7,8,2018,,,139,139,collision,6,1,,,0,collision,0,0,0,0,1,,1,1,,,0,F,,1.221917808,446,,,,2017-18,
12228,28-Jan-18,6-Apr-20,6-Apr-20,4,6,2020,,,799,799,poached,2,1,,,0,poached,1,0,0,0,0,gunshot,1,1,2,2,0,M,,3.934246575,1436,,,,2019-20,
12281,27-Feb-18,,17-Mar-19,3,17,2019,17-Mar-19,383,,383,fu,1,,,inactive,1,,0,0,0,0,0,,0,,1,1,0,F,,,,,,,2018-19,